{
    "type": "FeatureCollection",
    "features": [
        {
            "id": 85672201,
            "type": "Feature",
            "properties": {
                "name": "Rajasthan"
            },
            "geometry": {
                "coordinates": [
                    [
                        [
                            73.972585,
                            30.198213
                        ],
                        [
                            73.97346,
                            30.186202
                        ],
                        [
                            73.972943,
                            30.178182
                        ],
                        [
                            73.972923,
                            30.173193
                        ],
                        [
                            73.970291,
                            30.144567
                        ],
                        [
                            73.97064,
                            30.135553
                        ],
                        [
                            73.971914,
                            30.128816
                        ],
                        [
                            73.973375,
                            30.125688
                        ],
                        [
                            73.976071,
                            30.122479
                        ],
                        [
                            73.967365,
                            30.120887
                        ],
                        [
                            73.959373,
                            30.111121
                        ],
                        [
                            73.953478,
                            30.105572
                        ],
                        [
                            73.95229,
                            30.100428
                        ],
                        [
                            73.940848,
                            30.085162
                        ],
                        [
                            73.927477,
                            30.06952
                        ],
                        [
                            73.917786,
                            30.061496
                        ],
                        [
                            73.907613,
                            30.055056
                        ],
                        [
                            73.903995,
                            30.048258
                        ],
                        [
                            73.901796,
                            30.039937
                        ],
                        [
                            73.89463,
                            30.018842
                        ],
                        [
                            73.890963,
                            30.012645
                        ],
                        [
                            73.890207,
                            29.997675
                        ],
                        [
                            73.892085,
                            29.992658
                        ],
                        [
                            73.897539,
                            29.983133
                        ],
                        [
                            73.898489,
                            29.978955
                        ],
                        [
                            73.900209,
                            29.971405
                        ],
                        [
                            73.942009,
                            29.971955
                        ],
                        [
                            73.966046,
                            29.97065
                        ],
                        [
                            73.985572,
                            29.970196
                        ],
                        [
                            74.000058,
                            29.972282
                        ],
                        [
                            74.005154,
                            29.971935
                        ],
                        [
                            74.011894,
                            29.971077
                        ],
                        [
                            74.078421,
                            29.969707
                        ],
                        [
                            74.092563,
                            29.968163
                        ],
                        [
                            74.163763,
                            29.963875
                        ],
                        [
                            74.195321,
                            29.960885
                        ],
                        [
                            74.222135,
                            29.960819
                        ],
                        [
                            74.233189,
                            29.960115
                        ],
                        [
                            74.250091,
                            29.956646
                        ],
                        [
                            74.261324,
                            29.955589
                        ],
                        [
                            74.269741,
                            29.955974
                        ],
                        [
                            74.288473,
                            29.955345
                        ],
                        [
                            74.290874,
                            29.955595
                        ],
                        [
                            74.29944,
                            29.956483
                        ],
                        [
                            74.300574,
                            29.956398
                        ],
                        [
                            74.330995,
                            29.954099
                        ],
                        [
                            74.351726,
                            29.951858
                        ],
                        [
                            74.365368,
                            29.950382
                        ],
                        [
                            74.381996,
                            29.950022
                        ],
                        [
                            74.413352,
                            29.947262
                        ],
                        [
                            74.437663,
                            29.949409
                        ],
                        [
                            74.451581,
                            29.946916
                        ],
                        [
                            74.453636,
                            29.946547
                        ],
                        [
                            74.476243,
                            29.944454
                        ],
                        [
                            74.528746,
                            29.942988
                        ],
                        [
                            74.522445,
                            29.929674
                        ],
                        [
                            74.514641,
                            29.907393
                        ],
                        [
                            74.520502,
                            29.903905
                        ],
                        [
                            74.535117,
                            29.902142
                        ],
                        [
                            74.543317,
                            29.902177
                        ],
                        [
                            74.553064,
                            29.888236
                        ],
                        [
                            74.554812,
                            29.880231
                        ],
                        [
                            74.561393,
                            29.873001
                        ],
                        [
                            74.563133,
                            29.86511
                        ],
                        [
                            74.557017,
                            29.856395
                        ],
                        [
                            74.54203,
                            29.838784
                        ],
                        [
                            74.515332,
                            29.832122
                        ],
                        [
                            74.501099,
                            29.826092
                        ],
                        [
                            74.489989,
                            29.814849
                        ],
                        [
                            74.479911,
                            29.801603
                        ],
                        [
                            74.474584,
                            29.787162
                        ],
                        [
                            74.47838,
                            29.757811
                        ],
                        [
                            74.481237,
                            29.74358
                        ],
                        [
                            74.492448,
                            29.743551
                        ],
                        [
                            74.506074,
                            29.741308
                        ],
                        [
                            74.520843,
                            29.740134
                        ],
                        [
                            74.535123,
                            29.740783
                        ],
                        [
                            74.541173,
                            29.748757
                        ],
                        [
                            74.547118,
                            29.753259
                        ],
                        [
                            74.558672,
                            29.754167
                        ],
                        [
                            74.573383,
                            29.753947
                        ],
                        [
                            74.58076,
                            29.752569
                        ],
                        [
                            74.58756,
                            29.766278
                        ],
                        [
                            74.596051,
                            29.767803
                        ],
                        [
                            74.601982,
                            29.766005
                        ],
                        [
                            74.60689,
                            29.757237
                        ],
                        [
                            74.614795,
                            29.752114
                        ],
                        [
                            74.61538,
                            29.745881
                        ],
                        [
                            74.610981,
                            29.739903
                        ],
                        [
                            74.612812,
                            29.720638
                        ],
                        [
                            74.609698,
                            29.712316
                        ],
                        [
                            74.608329,
                            29.705413
                        ],
                        [
                            74.602157,
                            29.699933
                        ],
                        [
                            74.603137,
                            29.690635
                        ],
                        [
                            74.600101,
                            29.681916
                        ],
                        [
                            74.594358,
                            29.674242
                        ],
                        [
                            74.587706,
                            29.653957
                        ],
                        [
                            74.591198,
                            29.643262
                        ],
                        [
                            74.595181,
                            29.634434
                        ],
                        [
                            74.590427,
                            29.62972
                        ],
                        [
                            74.584472,
                            29.626506
                        ],
                        [
                            74.586112,
                            29.619995
                        ],
                        [
                            74.583761,
                            29.613598
                        ],
                        [
                            74.579309,
                            29.585086
                        ],
                        [
                            74.579604,
                            29.567684
                        ],
                        [
                            74.575512,
                            29.562643
                        ],
                        [
                            74.580723,
                            29.554703
                        ],
                        [
                            74.590764,
                            29.546783
                        ],
                        [
                            74.600137,
                            29.542492
                        ],
                        [
                            74.608451,
                            29.535925
                        ],
                        [
                            74.620405,
                            29.530519
                        ],
                        [
                            74.623364,
                            29.526117
                        ],
                        [
                            74.620632,
                            29.51901
                        ],
                        [
                            74.613437,
                            29.509458
                        ],
                        [
                            74.609657,
                            29.502567
                        ],
                        [
                            74.601523,
                            29.491145
                        ],
                        [
                            74.599159,
                            29.485149
                        ],
                        [
                            74.600396,
                            29.478866
                        ],
                        [
                            74.594341,
                            29.468003
                        ],
                        [
                            74.589228,
                            29.462528
                        ],
                        [
                            74.587699,
                            29.457646
                        ],
                        [
                            74.580497,
                            29.461341
                        ],
                        [
                            74.568233,
                            29.463443
                        ],
                        [
                            74.559138,
                            29.463572
                        ],
                        [
                            74.551579,
                            29.46569
                        ],
                        [
                            74.543379,
                            29.464161
                        ],
                        [
                            74.539481,
                            29.456691
                        ],
                        [
                            74.537819,
                            29.448678
                        ],
                        [
                            74.538261,
                            29.434113
                        ],
                        [
                            74.539977,
                            29.424088
                        ],
                        [
                            74.549813,
                            29.422231
                        ],
                        [
                            74.560864,
                            29.42144
                        ],
                        [
                            74.566499,
                            29.417666
                        ],
                        [
                            74.57307,
                            29.409793
                        ],
                        [
                            74.578714,
                            29.405157
                        ],
                        [
                            74.577782,
                            29.396289
                        ],
                        [
                            74.581536,
                            29.385428
                        ],
                        [
                            74.588424,
                            29.377679
                        ],
                        [
                            74.599172,
                            29.369588
                        ],
                        [
                            74.60534,
                            29.361086
                        ],
                        [
                            74.608638,
                            29.353211
                        ],
                        [
                            74.604345,
                            29.327185
                        ],
                        [
                            74.614598,
                            29.326429
                        ],
                        [
                            74.650423,
                            29.329973
                        ],
                        [
                            74.652763,
                            29.334117
                        ],
                        [
                            74.652381,
                            29.353187
                        ],
                        [
                            74.658881,
                            29.371161
                        ],
                        [
                            74.667226,
                            29.368747
                        ],
                        [
                            74.684753,
                            29.366894
                        ],
                        [
                            74.697417,
                            29.363856
                        ],
                        [
                            74.720009,
                            29.36756
                        ],
                        [
                            74.725668,
                            29.364991
                        ],
                        [
                            74.731323,
                            29.359465
                        ],
                        [
                            74.740474,
                            29.352376
                        ],
                        [
                            74.765428,
                            29.354501
                        ],
                        [
                            74.784747,
                            29.358645
                        ],
                        [
                            74.794623,
                            29.369022
                        ],
                        [
                            74.807687,
                            29.383121
                        ],
                        [
                            74.818487,
                            29.396941
                        ],
                        [
                            74.844085,
                            29.399881
                        ],
                        [
                            74.850114,
                            29.402466
                        ],
                        [
                            74.85851,
                            29.401163
                        ],
                        [
                            74.866187,
                            29.397732
                        ],
                        [
                            74.87293,
                            29.394684
                        ],
                        [
                            74.875545,
                            29.386802
                        ],
                        [
                            74.879571,
                            29.383433
                        ],
                        [
                            74.897488,
                            29.384956
                        ],
                        [
                            74.90432,
                            29.382367
                        ],
                        [
                            74.908072,
                            29.376463
                        ],
                        [
                            74.919216,
                            29.369368
                        ],
                        [
                            74.930976,
                            29.364225
                        ],
                        [
                            74.936157,
                            29.362821
                        ],
                        [
                            74.944882,
                            29.33607
                        ],
                        [
                            74.955068,
                            29.330931
                        ],
                        [
                            74.959924,
                            29.324175
                        ],
                        [
                            74.959498,
                            29.316603
                        ],
                        [
                            74.954785,
                            29.309126
                        ],
                        [
                            74.949017,
                            29.302917
                        ],
                        [
                            74.951472,
                            29.293262
                        ],
                        [
                            74.956416,
                            29.286234
                        ],
                        [
                            74.961984,
                            29.28
                        ],
                        [
                            74.968837,
                            29.278193
                        ],
                        [
                            74.976944,
                            29.280464
                        ],
                        [
                            74.985819,
                            29.279127
                        ],
                        [
                            74.991821,
                            29.276262
                        ],
                        [
                            74.999934,
                            29.269725
                        ],
                        [
                            75.014812,
                            29.281758
                        ],
                        [
                            75.032828,
                            29.289449
                        ],
                        [
                            75.04891,
                            29.285036
                        ],
                        [
                            75.059463,
                            29.270256
                        ],
                        [
                            75.059641,
                            29.266732
                        ],
                        [
                            75.0599,
                            29.261559
                        ],
                        [
                            75.069567,
                            29.251129
                        ],
                        [
                            75.074253,
                            29.244415
                        ],
                        [
                            75.07164,
                            29.236734
                        ],
                        [
                            75.087005,
                            29.230214
                        ],
                        [
                            75.10146,
                            29.226845
                        ],
                        [
                            75.117134,
                            29.224481
                        ],
                        [
                            75.122743,
                            29.2406
                        ],
                        [
                            75.133676,
                            29.242655
                        ],
                        [
                            75.156507,
                            29.243492
                        ],
                        [
                            75.169879,
                            29.251377
                        ],
                        [
                            75.17312,
                            29.262008
                        ],
                        [
                            75.189092,
                            29.266219
                        ],
                        [
                            75.197616,
                            29.256206
                        ],
                        [
                            75.204396,
                            29.241766
                        ],
                        [
                            75.221038,
                            29.232049
                        ],
                        [
                            75.232553,
                            29.232437
                        ],
                        [
                            75.244365,
                            29.249419
                        ],
                        [
                            75.258639,
                            29.253916
                        ],
                        [
                            75.280911,
                            29.251776
                        ],
                        [
                            75.28593,
                            29.270873
                        ],
                        [
                            75.286201,
                            29.271215
                        ],
                        [
                            75.288604,
                            29.274243
                        ],
                        [
                            75.298936,
                            29.275105
                        ],
                        [
                            75.308957,
                            29.279358
                        ],
                        [
                            75.317855,
                            29.286287
                        ],
                        [
                            75.328586,
                            29.290798
                        ],
                        [
                            75.333544,
                            29.287527
                        ],
                        [
                            75.334647,
                            29.275637
                        ],
                        [
                            75.33241,
                            29.249072
                        ],
                        [
                            75.324131,
                            29.233287
                        ],
                        [
                            75.343753,
                            29.226114
                        ],
                        [
                            75.354524,
                            29.223415
                        ],
                        [
                            75.356424,
                            29.22738
                        ],
                        [
                            75.359418,
                            29.244634
                        ],
                        [
                            75.367249,
                            29.251873
                        ],
                        [
                            75.381772,
                            29.257279
                        ],
                        [
                            75.388857,
                            29.261163
                        ],
                        [
                            75.397297,
                            29.261566
                        ],
                        [
                            75.405044,
                            29.259124
                        ],
                        [
                            75.408008,
                            29.252173
                        ],
                        [
                            75.40899,
                            29.243968
                        ],
                        [
                            75.408671,
                            29.237441
                        ],
                        [
                            75.402947,
                            29.231418
                        ],
                        [
                            75.39656,
                            29.22623
                        ],
                        [
                            75.395359,
                            29.21842
                        ],
                        [
                            75.401552,
                            29.215242
                        ],
                        [
                            75.40569,
                            29.210579
                        ],
                        [
                            75.409078,
                            29.198629
                        ],
                        [
                            75.409844,
                            29.186034
                        ],
                        [
                            75.403557,
                            29.171409
                        ],
                        [
                            75.397716,
                            29.167849
                        ],
                        [
                            75.387606,
                            29.168673
                        ],
                        [
                            75.37809,
                            29.167143
                        ],
                        [
                            75.376735,
                            29.147582
                        ],
                        [
                            75.370224,
                            29.139797
                        ],
                        [
                            75.382906,
                            29.134211
                        ],
                        [
                            75.394194,
                            29.13129
                        ],
                        [
                            75.405296,
                            29.125542
                        ],
                        [
                            75.40041,
                            29.116425
                        ],
                        [
                            75.389752,
                            29.107838
                        ],
                        [
                            75.390325,
                            29.099679
                        ],
                        [
                            75.392183,
                            29.09247
                        ],
                        [
                            75.390396,
                            29.086779
                        ],
                        [
                            75.391171,
                            29.080693
                        ],
                        [
                            75.389614,
                            29.067406
                        ],
                        [
                            75.399231,
                            29.065307
                        ],
                        [
                            75.439268,
                            29.061719
                        ],
                        [
                            75.438751,
                            29.053171
                        ],
                        [
                            75.446479,
                            29.047452
                        ],
                        [
                            75.449543,
                            29.038483
                        ],
                        [
                            75.441584,
                            29.019033
                        ],
                        [
                            75.443682,
                            29.013503
                        ],
                        [
                            75.467623,
                            29.017071
                        ],
                        [
                            75.482416,
                            29.017094
                        ],
                        [
                            75.492613,
                            29.015726
                        ],
                        [
                            75.514119,
                            29.011992
                        ],
                        [
                            75.520087,
                            29.007655
                        ],
                        [
                            75.52005,
                            29.000964
                        ],
                        [
                            75.520135,
                            29.000141
                        ],
                        [
                            75.524223,
                            28.987855
                        ],
                        [
                            75.524926,
                            28.978963
                        ],
                        [
                            75.525462,
                            28.972187
                        ],
                        [
                            75.517836,
                            28.962545
                        ],
                        [
                            75.511839,
                            28.958291
                        ],
                        [
                            75.51243,
                            28.948621
                        ],
                        [
                            75.506427,
                            28.938294
                        ],
                        [
                            75.477709,
                            28.934839
                        ],
                        [
                            75.475875,
                            28.923101
                        ],
                        [
                            75.493402,
                            28.898471
                        ],
                        [
                            75.497198,
                            28.89511
                        ],
                        [
                            75.496704,
                            28.85642
                        ],
                        [
                            75.506428,
                            28.852942
                        ],
                        [
                            75.507848,
                            28.84711
                        ],
                        [
                            75.511383,
                            28.842719
                        ],
                        [
                            75.51919,
                            28.840144
                        ],
                        [
                            75.522049,
                            28.833312
                        ],
                        [
                            75.51744,
                            28.812008
                        ],
                        [
                            75.511751,
                            28.806004
                        ],
                        [
                            75.512533,
                            28.793452
                        ],
                        [
                            75.50712,
                            28.784373
                        ],
                        [
                            75.513619,
                            28.779487
                        ],
                        [
                            75.524672,
                            28.76891
                        ],
                        [
                            75.530524,
                            28.752806
                        ],
                        [
                            75.537478,
                            28.746926
                        ],
                        [
                            75.53458,
                            28.739565
                        ],
                        [
                            75.539472,
                            28.729457
                        ],
                        [
                            75.539999,
                            28.713914
                        ],
                        [
                            75.543941,
                            28.684986
                        ],
                        [
                            75.545075,
                            28.678764
                        ],
                        [
                            75.548238,
                            28.672603
                        ],
                        [
                            75.54635,
                            28.657872
                        ],
                        [
                            75.54912,
                            28.651852
                        ],
                        [
                            75.547974,
                            28.645442
                        ],
                        [
                            75.557392,
                            28.63967
                        ],
                        [
                            75.564075,
                            28.611122
                        ],
                        [
                            75.585396,
                            28.613168
                        ],
                        [
                            75.593315,
                            28.602851
                        ],
                        [
                            75.617731,
                            28.602317
                        ],
                        [
                            75.626454,
                            28.598633
                        ],
                        [
                            75.628428,
                            28.595644
                        ],
                        [
                            75.627427,
                            28.585145
                        ],
                        [
                            75.633595,
                            28.554899
                        ],
                        [
                            75.637408,
                            28.542361
                        ],
                        [
                            75.644977,
                            28.54388
                        ],
                        [
                            75.651848,
                            28.539262
                        ],
                        [
                            75.661908,
                            28.536907
                        ],
                        [
                            75.671663,
                            28.532427
                        ],
                        [
                            75.673824,
                            28.529599
                        ],
                        [
                            75.672251,
                            28.51717
                        ],
                        [
                            75.679429,
                            28.51323
                        ],
                        [
                            75.698386,
                            28.495357
                        ],
                        [
                            75.709002,
                            28.491577
                        ],
                        [
                            75.732276,
                            28.487498
                        ],
                        [
                            75.744883,
                            28.483392
                        ],
                        [
                            75.743309,
                            28.46882
                        ],
                        [
                            75.755458,
                            28.465541
                        ],
                        [
                            75.786562,
                            28.453717
                        ],
                        [
                            75.793483,
                            28.446842
                        ],
                        [
                            75.793434,
                            28.435302
                        ],
                        [
                            75.785123,
                            28.426568
                        ],
                        [
                            75.77371,
                            28.416889
                        ],
                        [
                            75.778566,
                            28.403725
                        ],
                        [
                            75.790813,
                            28.403315
                        ],
                        [
                            75.795834,
                            28.400515
                        ],
                        [
                            75.802317,
                            28.405946
                        ],
                        [
                            75.81089,
                            28.410284
                        ],
                        [
                            75.824999,
                            28.407533
                        ],
                        [
                            75.82642,
                            28.401925
                        ],
                        [
                            75.836536,
                            28.405081
                        ],
                        [
                            75.843373,
                            28.393707
                        ],
                        [
                            75.849513,
                            28.393275
                        ],
                        [
                            75.880451,
                            28.386798
                        ],
                        [
                            75.891488,
                            28.382636
                        ],
                        [
                            75.891882,
                            28.387924
                        ],
                        [
                            75.897517,
                            28.389571
                        ],
                        [
                            75.897565,
                            28.389585
                        ],
                        [
                            75.905052,
                            28.386
                        ],
                        [
                            75.905223,
                            28.385918
                        ],
                        [
                            75.905461,
                            28.375991
                        ],
                        [
                            75.90558,
                            28.375927
                        ],
                        [
                            75.912999,
                            28.371962
                        ],
                        [
                            75.930628,
                            28.364835
                        ],
                        [
                            75.930723,
                            28.364796
                        ],
                        [
                            75.933318,
                            28.360557
                        ],
                        [
                            75.936645,
                            28.352117
                        ],
                        [
                            75.936737,
                            28.351883
                        ],
                        [
                            75.936741,
                            28.351873
                        ],
                        [
                            75.936604,
                            28.35042
                        ],
                        [
                            75.935714,
                            28.340959
                        ],
                        [
                            75.946154,
                            28.338515
                        ],
                        [
                            75.964646,
                            28.334185
                        ],
                        [
                            75.964926,
                            28.331397
                        ],
                        [
                            75.962945,
                            28.330601
                        ],
                        [
                            75.959743,
                            28.329315
                        ],
                        [
                            75.962809,
                            28.324527
                        ],
                        [
                            75.962956,
                            28.315196
                        ],
                        [
                            75.962969,
                            28.314392
                        ],
                        [
                            75.96297,
                            28.314354
                        ],
                        [
                            75.969733,
                            28.317239
                        ],
                        [
                            75.975946,
                            28.319888
                        ],
                        [
                            75.97632,
                            28.319453
                        ],
                        [
                            75.983031,
                            28.311644
                        ],
                        [
                            75.987622,
                            28.302106
                        ],
                        [
                            75.994736,
                            28.291834
                        ],
                        [
                            75.994836,
                            28.291689
                        ],
                        [
                            75.994862,
                            28.291652
                        ],
                        [
                            75.996676,
                            28.291376
                        ],
                        [
                            75.999545,
                            28.290939
                        ],
                        [
                            76.006701,
                            28.287226
                        ],
                        [
                            76.016623,
                            28.282077
                        ],
                        [
                            76.027012,
                            28.276685
                        ],
                        [
                            76.015647,
                            28.248875
                        ],
                        [
                            76.01942,
                            28.23746
                        ],
                        [
                            76.034018,
                            28.231609
                        ],
                        [
                            76.044593,
                            28.222782
                        ],
                        [
                            76.061253,
                            28.219877
                        ],
                        [
                            76.060508,
                            28.210084
                        ],
                        [
                            76.057968,
                            28.205476
                        ],
                        [
                            76.052034,
                            28.201142
                        ],
                        [
                            76.053276,
                            28.198569
                        ],
                        [
                            76.064879,
                            28.19686
                        ],
                        [
                            76.073833,
                            28.194579
                        ],
                        [
                            76.077521,
                            28.189873
                        ],
                        [
                            76.079768,
                            28.174837
                        ],
                        [
                            76.083005,
                            28.168039
                        ],
                        [
                            76.088622,
                            28.163701
                        ],
                        [
                            76.101081,
                            28.150798
                        ],
                        [
                            76.101054,
                            28.147193
                        ],
                        [
                            76.099963,
                            28.142001
                        ],
                        [
                            76.096098,
                            28.139119
                        ],
                        [
                            76.091339,
                            28.137831
                        ],
                        [
                            76.08305,
                            28.13754
                        ],
                        [
                            76.073188,
                            28.140074
                        ],
                        [
                            76.071821,
                            28.1455
                        ],
                        [
                            76.073559,
                            28.151259
                        ],
                        [
                            76.074527,
                            28.163386
                        ],
                        [
                            76.068885,
                            28.165601
                        ],
                        [
                            76.035879,
                            28.168381
                        ],
                        [
                            76.024304,
                            28.156747
                        ],
                        [
                            76.019294,
                            28.153353
                        ],
                        [
                            76.014123,
                            28.15224
                        ],
                        [
                            76.007848,
                            28.152129
                        ],
                        [
                            76.002737,
                            28.146298
                        ],
                        [
                            76.003752,
                            28.131011
                        ],
                        [
                            76.002315,
                            28.126801
                        ],
                        [
                            75.999141,
                            28.123869
                        ],
                        [
                            75.985081,
                            28.122918
                        ],
                        [
                            75.975601,
                            28.115106
                        ],
                        [
                            75.965465,
                            28.111277
                        ],
                        [
                            75.955343,
                            28.105431
                        ],
                        [
                            75.95043,
                            28.101376
                        ],
                        [
                            75.943993,
                            28.089277
                        ],
                        [
                            75.966883,
                            28.079776
                        ],
                        [
                            75.984999,
                            28.079877
                        ],
                        [
                            75.989996,
                            28.075912
                        ],
                        [
                            75.995547,
                            28.066262
                        ],
                        [
                            75.982483,
                            28.052739
                        ],
                        [
                            75.985287,
                            28.047883
                        ],
                        [
                            75.99243,
                            28.046415
                        ],
                        [
                            75.998972,
                            28.052113
                        ],
                        [
                            76.005542,
                            28.053133
                        ],
                        [
                            76.009851,
                            28.056391
                        ],
                        [
                            76.020395,
                            28.071998
                        ],
                        [
                            76.02282,
                            28.076728
                        ],
                        [
                            76.02364,
                            28.084495
                        ],
                        [
                            76.039211,
                            28.079521
                        ],
                        [
                            76.042197,
                            28.075573
                        ],
                        [
                            76.043611,
                            28.069597
                        ],
                        [
                            76.041108,
                            28.064268
                        ],
                        [
                            76.030244,
                            28.05794
                        ],
                        [
                            76.024596,
                            28.051747
                        ],
                        [
                            76.013287,
                            28.050182
                        ],
                        [
                            76.017868,
                            28.045558
                        ],
                        [
                            76.018803,
                            28.042679
                        ],
                        [
                            76.017973,
                            28.032349
                        ],
                        [
                            75.99893,
                            28.035571
                        ],
                        [
                            75.988381,
                            28.034382
                        ],
                        [
                            75.982211,
                            28.032614
                        ],
                        [
                            75.977828,
                            28.026639
                        ],
                        [
                            75.978671,
                            28.019432
                        ],
                        [
                            75.980504,
                            28.01383
                        ],
                        [
                            75.986982,
                            28.011128
                        ],
                        [
                            75.993655,
                            28.010415
                        ],
                        [
                            75.998368,
                            28.005822
                        ],
                        [
                            75.99692,
                            27.999981
                        ],
                        [
                            75.987698,
                            27.997121
                        ],
                        [
                            75.980072,
                            27.997015
                        ],
                        [
                            75.974657,
                            27.997911
                        ],
                        [
                            75.972304,
                            27.998348
                        ],
                        [
                            75.968305,
                            27.997792
                        ],
                        [
                            75.964185,
                            27.996709
                        ],
                        [
                            75.963055,
                            27.989874
                        ],
                        [
                            75.963218,
                            27.984339
                        ],
                        [
                            75.973423,
                            27.982243
                        ],
                        [
                            75.980941,
                            27.979636
                        ],
                        [
                            75.989865,
                            27.982636
                        ],
                        [
                            75.994698,
                            27.980283
                        ],
                        [
                            75.994247,
                            27.976758
                        ],
                        [
                            75.989597,
                            27.973963
                        ],
                        [
                            75.981587,
                            27.965599
                        ],
                        [
                            75.976054,
                            27.957973
                        ],
                        [
                            75.980949,
                            27.953656
                        ],
                        [
                            75.970847,
                            27.932622
                        ],
                        [
                            75.961631,
                            27.93512
                        ],
                        [
                            75.952275,
                            27.935782
                        ],
                        [
                            75.949375,
                            27.942042
                        ],
                        [
                            75.946196,
                            27.946792
                        ],
                        [
                            75.936227,
                            27.937457
                        ],
                        [
                            75.931244,
                            27.928805
                        ],
                        [
                            75.936397,
                            27.922181
                        ],
                        [
                            75.936443,
                            27.912495
                        ],
                        [
                            75.9494,
                            27.914765
                        ],
                        [
                            75.963543,
                            27.915222
                        ],
                        [
                            75.975191,
                            27.911022
                        ],
                        [
                            75.985064,
                            27.904902
                        ],
                        [
                            75.974898,
                            27.894957
                        ],
                        [
                            75.982812,
                            27.888732
                        ],
                        [
                            75.98042,
                            27.881019
                        ],
                        [
                            75.98106,
                            27.873085
                        ],
                        [
                            75.97183,
                            27.867155
                        ],
                        [
                            75.970648,
                            27.860373
                        ],
                        [
                            75.983022,
                            27.860255
                        ],
                        [
                            75.991865,
                            27.858495
                        ],
                        [
                            76.002077,
                            27.85652
                        ],
                        [
                            76.004212,
                            27.855775
                        ],
                        [
                            76.012853,
                            27.85303
                        ],
                        [
                            76.016939,
                            27.858194
                        ],
                        [
                            76.028404,
                            27.853094
                        ],
                        [
                            76.037243,
                            27.849448
                        ],
                        [
                            76.041459,
                            27.849732
                        ],
                        [
                            76.046029,
                            27.84805
                        ],
                        [
                            76.05132,
                            27.844388
                        ],
                        [
                            76.057271,
                            27.843397
                        ],
                        [
                            76.062441,
                            27.847352
                        ],
                        [
                            76.067699,
                            27.852705
                        ],
                        [
                            76.087773,
                            27.846569
                        ],
                        [
                            76.092454,
                            27.851884
                        ],
                        [
                            76.09336,
                            27.860712
                        ],
                        [
                            76.095794,
                            27.863946
                        ],
                        [
                            76.103495,
                            27.860281
                        ],
                        [
                            76.111075,
                            27.857854
                        ],
                        [
                            76.120315,
                            27.854043
                        ],
                        [
                            76.129869,
                            27.849853
                        ],
                        [
                            76.136198,
                            27.84236
                        ],
                        [
                            76.135931,
                            27.833277
                        ],
                        [
                            76.135467,
                            27.828645
                        ],
                        [
                            76.15039,
                            27.823253
                        ],
                        [
                            76.160909,
                            27.816701
                        ],
                        [
                            76.170556,
                            27.810237
                        ],
                        [
                            76.175049,
                            27.804521
                        ],
                        [
                            76.180649,
                            27.802842
                        ],
                        [
                            76.188152,
                            27.807768
                        ],
                        [
                            76.193984,
                            27.814417
                        ],
                        [
                            76.198175,
                            27.822124
                        ],
                        [
                            76.201907,
                            27.826582
                        ],
                        [
                            76.20833,
                            27.82426
                        ],
                        [
                            76.215525,
                            27.823834
                        ],
                        [
                            76.221622,
                            27.827935
                        ],
                        [
                            76.231101,
                            27.836268
                        ],
                        [
                            76.218452,
                            27.840174
                        ],
                        [
                            76.213765,
                            27.843346
                        ],
                        [
                            76.212891,
                            27.850876
                        ],
                        [
                            76.206783,
                            27.855029
                        ],
                        [
                            76.200941,
                            27.859289
                        ],
                        [
                            76.199174,
                            27.864805
                        ],
                        [
                            76.196846,
                            27.871753
                        ],
                        [
                            76.198166,
                            27.876957
                        ],
                        [
                            76.202287,
                            27.87932
                        ],
                        [
                            76.207627,
                            27.883476
                        ],
                        [
                            76.208001,
                            27.887683
                        ],
                        [
                            76.206535,
                            27.894367
                        ],
                        [
                            76.19884,
                            27.898082
                        ],
                        [
                            76.190496,
                            27.900467
                        ],
                        [
                            76.183035,
                            27.902511
                        ],
                        [
                            76.177616,
                            27.905159
                        ],
                        [
                            76.174336,
                            27.910481
                        ],
                        [
                            76.173956,
                            27.91641
                        ],
                        [
                            76.175569,
                            27.92377
                        ],
                        [
                            76.178278,
                            27.928704
                        ],
                        [
                            76.182699,
                            27.936668
                        ],
                        [
                            76.184317,
                            27.94372
                        ],
                        [
                            76.184882,
                            27.950476
                        ],
                        [
                            76.184252,
                            27.956472
                        ],
                        [
                            76.186148,
                            27.962883
                        ],
                        [
                            76.187451,
                            27.96826
                        ],
                        [
                            76.182206,
                            27.970632
                        ],
                        [
                            76.175013,
                            27.974583
                        ],
                        [
                            76.168945,
                            27.975538
                        ],
                        [
                            76.170467,
                            27.983754
                        ],
                        [
                            76.161863,
                            27.987987
                        ],
                        [
                            76.162938,
                            27.994447
                        ],
                        [
                            76.166718,
                            27.999998
                        ],
                        [
                            76.17743,
                            28.012302
                        ],
                        [
                            76.182318,
                            28.017352
                        ],
                        [
                            76.187619,
                            28.018724
                        ],
                        [
                            76.191966,
                            28.018966
                        ],
                        [
                            76.198764,
                            28.016842
                        ],
                        [
                            76.203957,
                            28.01715
                        ],
                        [
                            76.208477,
                            28.021083
                        ],
                        [
                            76.211565,
                            28.025763
                        ],
                        [
                            76.221929,
                            28.027089
                        ],
                        [
                            76.221683,
                            28.035578
                        ],
                        [
                            76.212286,
                            28.037659
                        ],
                        [
                            76.206265,
                            28.030366
                        ],
                        [
                            76.201522,
                            28.030643
                        ],
                        [
                            76.191277,
                            28.038456
                        ],
                        [
                            76.184986,
                            28.044399
                        ],
                        [
                            76.183566,
                            28.049705
                        ],
                        [
                            76.185468,
                            28.05471
                        ],
                        [
                            76.200991,
                            28.055238
                        ],
                        [
                            76.208062,
                            28.05617
                        ],
                        [
                            76.211785,
                            28.054936
                        ],
                        [
                            76.216487,
                            28.050961
                        ],
                        [
                            76.234113,
                            28.050577
                        ],
                        [
                            76.241553,
                            28.0518
                        ],
                        [
                            76.251771,
                            28.064306
                        ],
                        [
                            76.259324,
                            28.066289
                        ],
                        [
                            76.273149,
                            28.064088
                        ],
                        [
                            76.280021,
                            28.061729
                        ],
                        [
                            76.290255,
                            28.054258
                        ],
                        [
                            76.298315,
                            28.044423
                        ],
                        [
                            76.29632,
                            28.03736
                        ],
                        [
                            76.298313,
                            28.02521
                        ],
                        [
                            76.305348,
                            28.021264
                        ],
                        [
                            76.324813,
                            28.016265
                        ],
                        [
                            76.331901,
                            28.019116
                        ],
                        [
                            76.338182,
                            28.020142
                        ],
                        [
                            76.345036,
                            28.024924
                        ],
                        [
                            76.349522,
                            28.031314
                        ],
                        [
                            76.354196,
                            28.041046
                        ],
                        [
                            76.361611,
                            28.060823
                        ],
                        [
                            76.362939,
                            28.069453
                        ],
                        [
                            76.358819,
                            28.071035
                        ],
                        [
                            76.35268,
                            28.069135
                        ],
                        [
                            76.345671,
                            28.068331
                        ],
                        [
                            76.340457,
                            28.072068
                        ],
                        [
                            76.339585,
                            28.076924
                        ],
                        [
                            76.337122,
                            28.083039
                        ],
                        [
                            76.333204,
                            28.087439
                        ],
                        [
                            76.328869,
                            28.089598
                        ],
                        [
                            76.321775,
                            28.089971
                        ],
                        [
                            76.315498,
                            28.091759
                        ],
                        [
                            76.305716,
                            28.096371
                        ],
                        [
                            76.309646,
                            28.101517
                        ],
                        [
                            76.316366,
                            28.106591
                        ],
                        [
                            76.322524,
                            28.107436
                        ],
                        [
                            76.340261,
                            28.102005
                        ],
                        [
                            76.347939,
                            28.104978
                        ],
                        [
                            76.351893,
                            28.10849
                        ],
                        [
                            76.364023,
                            28.123712
                        ],
                        [
                            76.357772,
                            28.12743
                        ],
                        [
                            76.35164,
                            28.128052
                        ],
                        [
                            76.346001,
                            28.130135
                        ],
                        [
                            76.339419,
                            28.134268
                        ],
                        [
                            76.331151,
                            28.144526
                        ],
                        [
                            76.325742,
                            28.148377
                        ],
                        [
                            76.319533,
                            28.149983
                        ],
                        [
                            76.316616,
                            28.146197
                        ],
                        [
                            76.309967,
                            28.146332
                        ],
                        [
                            76.304305,
                            28.150006
                        ],
                        [
                            76.30348,
                            28.152393
                        ],
                        [
                            76.306875,
                            28.154786
                        ],
                        [
                            76.306941,
                            28.157891
                        ],
                        [
                            76.301416,
                            28.160623
                        ],
                        [
                            76.286584,
                            28.163931
                        ],
                        [
                            76.2852,
                            28.168127
                        ],
                        [
                            76.287479,
                            28.17408
                        ],
                        [
                            76.297302,
                            28.178023
                        ],
                        [
                            76.30647,
                            28.178213
                        ],
                        [
                            76.313412,
                            28.179187
                        ],
                        [
                            76.316349,
                            28.178796
                        ],
                        [
                            76.317168,
                            28.178687
                        ],
                        [
                            76.334421,
                            28.172736
                        ],
                        [
                            76.344387,
                            28.17264
                        ],
                        [
                            76.351082,
                            28.169222
                        ],
                        [
                            76.361717,
                            28.161463
                        ],
                        [
                            76.364442,
                            28.155057
                        ],
                        [
                            76.365854,
                            28.143115
                        ],
                        [
                            76.368284,
                            28.138644
                        ],
                        [
                            76.38523,
                            28.13331
                        ],
                        [
                            76.392487,
                            28.1351
                        ],
                        [
                            76.39698,
                            28.134757
                        ],
                        [
                            76.401502,
                            28.136273
                        ],
                        [
                            76.405532,
                            28.143012
                        ],
                        [
                            76.420762,
                            28.142686
                        ],
                        [
                            76.435817,
                            28.141128
                        ],
                        [
                            76.439891,
                            28.142757
                        ],
                        [
                            76.445658,
                            28.14734
                        ],
                        [
                            76.464606,
                            28.146596
                        ],
                        [
                            76.469653,
                            28.147535
                        ],
                        [
                            76.473761,
                            28.150757
                        ],
                        [
                            76.479571,
                            28.14989
                        ],
                        [
                            76.480907,
                            28.14475
                        ],
                        [
                            76.478506,
                            28.13365
                        ],
                        [
                            76.481739,
                            28.130875
                        ],
                        [
                            76.485785,
                            28.129813
                        ],
                        [
                            76.49185,
                            28.129979
                        ],
                        [
                            76.493651,
                            28.130032
                        ],
                        [
                            76.498298,
                            28.128808
                        ],
                        [
                            76.494303,
                            28.123247
                        ],
                        [
                            76.495438,
                            28.117933
                        ],
                        [
                            76.506632,
                            28.117656
                        ],
                        [
                            76.505832,
                            28.111091
                        ],
                        [
                            76.506327,
                            28.101727
                        ],
                        [
                            76.497261,
                            28.099851
                        ],
                        [
                            76.4858,
                            28.101118
                        ],
                        [
                            76.481056,
                            28.107849
                        ],
                        [
                            76.474744,
                            28.108118
                        ],
                        [
                            76.469436,
                            28.10705
                        ],
                        [
                            76.46537,
                            28.10554
                        ],
                        [
                            76.462387,
                            28.101043
                        ],
                        [
                            76.459685,
                            28.092811
                        ],
                        [
                            76.457037,
                            28.08833
                        ],
                        [
                            76.461885,
                            28.082938
                        ],
                        [
                            76.467261,
                            28.080142
                        ],
                        [
                            76.472089,
                            28.079207
                        ],
                        [
                            76.47836,
                            28.081453
                        ],
                        [
                            76.494361,
                            28.070232
                        ],
                        [
                            76.503848,
                            28.062741
                        ],
                        [
                            76.506119,
                            28.059834
                        ],
                        [
                            76.502996,
                            28.05617
                        ],
                        [
                            76.498024,
                            28.054348
                        ],
                        [
                            76.492256,
                            28.053394
                        ],
                        [
                            76.479733,
                            28.05623
                        ],
                        [
                            76.466395,
                            28.057114
                        ],
                        [
                            76.462424,
                            28.050207
                        ],
                        [
                            76.462134,
                            28.04481
                        ],
                        [
                            76.464142,
                            28.041617
                        ],
                        [
                            76.470086,
                            28.039702
                        ],
                        [
                            76.484131,
                            28.039182
                        ],
                        [
                            76.491497,
                            28.041439
                        ],
                        [
                            76.500649,
                            28.042201
                        ],
                        [
                            76.504478,
                            28.038732
                        ],
                        [
                            76.506909,
                            28.035277
                        ],
                        [
                            76.507926,
                            28.031452
                        ],
                        [
                            76.513659,
                            28.030117
                        ],
                        [
                            76.519837,
                            28.030432
                        ],
                        [
                            76.527041,
                            28.034034
                        ],
                        [
                            76.534339,
                            28.040516
                        ],
                        [
                            76.539712,
                            28.038172
                        ],
                        [
                            76.54699,
                            28.034161
                        ],
                        [
                            76.543971,
                            28.02077
                        ],
                        [
                            76.546986,
                            28.011735
                        ],
                        [
                            76.547052,
                            28.007103
                        ],
                        [
                            76.546153,
                            28.002551
                        ],
                        [
                            76.54687,
                            28.000409
                        ],
                        [
                            76.544826,
                            27.999772
                        ],
                        [
                            76.543938,
                            27.988098
                        ],
                        [
                            76.540326,
                            27.98075
                        ],
                        [
                            76.539413,
                            27.974379
                        ],
                        [
                            76.541862,
                            27.968766
                        ],
                        [
                            76.546546,
                            27.965576
                        ],
                        [
                            76.554975,
                            27.966397
                        ],
                        [
                            76.561824,
                            27.970049
                        ],
                        [
                            76.568184,
                            27.9768
                        ],
                        [
                            76.575912,
                            27.978592
                        ],
                        [
                            76.582248,
                            27.984028
                        ],
                        [
                            76.585722,
                            27.98987
                        ],
                        [
                            76.592276,
                            27.99531
                        ],
                        [
                            76.600207,
                            27.998658
                        ],
                        [
                            76.603712,
                            28.001139
                        ],
                        [
                            76.607445,
                            28.004824
                        ],
                        [
                            76.612415,
                            28.005775
                        ],
                        [
                            76.624475,
                            28.006266
                        ],
                        [
                            76.633839,
                            28.005431
                        ],
                        [
                            76.645403,
                            28.005621
                        ],
                        [
                            76.655238,
                            28.007551
                        ],
                        [
                            76.663114,
                            28.010508
                        ],
                        [
                            76.668641,
                            28.013976
                        ],
                        [
                            76.67099,
                            28.017864
                        ],
                        [
                            76.670036,
                            28.024236
                        ],
                        [
                            76.668212,
                            28.028606
                        ],
                        [
                            76.662001,
                            28.034862
                        ],
                        [
                            76.659582,
                            28.039403
                        ],
                        [
                            76.66025,
                            28.050423
                        ],
                        [
                            76.65755,
                            28.056661
                        ],
                        [
                            76.656539,
                            28.062618
                        ],
                        [
                            76.656681,
                            28.07404
                        ],
                        [
                            76.655606,
                            28.080068
                        ],
                        [
                            76.656524,
                            28.087163
                        ],
                        [
                            76.659894,
                            28.091715
                        ],
                        [
                            76.666685,
                            28.09402
                        ],
                        [
                            76.67262,
                            28.092795
                        ],
                        [
                            76.686598,
                            28.092738
                        ],
                        [
                            76.690878,
                            28.092699
                        ],
                        [
                            76.694375,
                            28.101807
                        ],
                        [
                            76.698239,
                            28.108425
                        ],
                        [
                            76.698992,
                            28.109717
                        ],
                        [
                            76.707502,
                            28.110623
                        ],
                        [
                            76.714204,
                            28.122644
                        ],
                        [
                            76.71778,
                            28.12629
                        ],
                        [
                            76.718744,
                            28.127269
                        ],
                        [
                            76.728841,
                            28.126435
                        ],
                        [
                            76.740401,
                            28.123339
                        ],
                        [
                            76.741772,
                            28.123464
                        ],
                        [
                            76.747938,
                            28.123925
                        ],
                        [
                            76.763926,
                            28.141486
                        ],
                        [
                            76.771027,
                            28.144885
                        ],
                        [
                            76.781811,
                            28.146279
                        ],
                        [
                            76.791955,
                            28.150534
                        ],
                        [
                            76.800389,
                            28.152081
                        ],
                        [
                            76.805072,
                            28.165323
                        ],
                        [
                            76.801217,
                            28.170506
                        ],
                        [
                            76.801173,
                            28.177777
                        ],
                        [
                            76.799188,
                            28.188616
                        ],
                        [
                            76.802815,
                            28.1944
                        ],
                        [
                            76.806854,
                            28.189225
                        ],
                        [
                            76.811585,
                            28.190913
                        ],
                        [
                            76.814576,
                            28.195224
                        ],
                        [
                            76.811457,
                            28.199476
                        ],
                        [
                            76.810377,
                            28.20645
                        ],
                        [
                            76.814805,
                            28.210725
                        ],
                        [
                            76.82222,
                            28.211163
                        ],
                        [
                            76.82797,
                            28.20952
                        ],
                        [
                            76.832854,
                            28.209525
                        ],
                        [
                            76.836263,
                            28.212315
                        ],
                        [
                            76.842472,
                            28.219664
                        ],
                        [
                            76.859558,
                            28.221475
                        ],
                        [
                            76.863413,
                            28.220046
                        ],
                        [
                            76.866795,
                            28.217973
                        ],
                        [
                            76.872698,
                            28.21943
                        ],
                        [
                            76.87487,
                            28.212757
                        ],
                        [
                            76.875229,
                            28.206306
                        ],
                        [
                            76.888329,
                            28.205162
                        ],
                        [
                            76.895747,
                            28.205266
                        ],
                        [
                            76.905747,
                            28.20239
                        ],
                        [
                            76.908922,
                            28.199532
                        ],
                        [
                            76.894776,
                            28.191503
                        ],
                        [
                            76.892919,
                            28.189498
                        ],
                        [
                            76.893086,
                            28.186435
                        ],
                        [
                            76.899132,
                            28.182596
                        ],
                        [
                            76.908176,
                            28.174078
                        ],
                        [
                            76.921095,
                            28.166602
                        ],
                        [
                            76.930078,
                            28.156984
                        ],
                        [
                            76.936568,
                            28.15363
                        ],
                        [
                            76.946839,
                            28.150072
                        ],
                        [
                            76.950609,
                            28.149869
                        ],
                        [
                            76.949568,
                            28.14563
                        ],
                        [
                            76.950767,
                            28.143409
                        ],
                        [
                            76.96558,
                            28.140717
                        ],
                        [
                            76.970801,
                            28.138705
                        ],
                        [
                            76.964841,
                            28.11841
                        ],
                        [
                            76.964484,
                            28.106449
                        ],
                        [
                            76.960019,
                            28.090786
                        ],
                        [
                            76.956995,
                            28.073365
                        ],
                        [
                            76.955479,
                            28.066031
                        ],
                        [
                            76.951435,
                            28.061509
                        ],
                        [
                            76.946922,
                            28.054311
                        ],
                        [
                            76.942519,
                            28.042835
                        ],
                        [
                            76.940717,
                            28.036726
                        ],
                        [
                            76.939589,
                            28.025198
                        ],
                        [
                            76.935389,
                            28.007205
                        ],
                        [
                            76.930436,
                            28.000401
                        ],
                        [
                            76.927423,
                            27.992312
                        ],
                        [
                            76.931087,
                            27.980523
                        ],
                        [
                            76.933678,
                            27.973047
                        ],
                        [
                            76.931507,
                            27.960474
                        ],
                        [
                            76.928246,
                            27.947526
                        ],
                        [
                            76.927781,
                            27.935518
                        ],
                        [
                            76.927777,
                            27.919551
                        ],
                        [
                            76.929959,
                            27.915745
                        ],
                        [
                            76.938614,
                            27.916046
                        ],
                        [
                            76.947512,
                            27.913705
                        ],
                        [
                            76.945412,
                            27.902216
                        ],
                        [
                            76.946828,
                            27.890666
                        ],
                        [
                            76.934709,
                            27.889101
                        ],
                        [
                            76.934739,
                            27.883049
                        ],
                        [
                            76.933386,
                            27.871473
                        ],
                        [
                            76.936889,
                            27.861809
                        ],
                        [
                            76.938477,
                            27.849904
                        ],
                        [
                            76.936657,
                            27.838653
                        ],
                        [
                            76.935191,
                            27.828893
                        ],
                        [
                            76.930481,
                            27.82651
                        ],
                        [
                            76.923515,
                            27.829301
                        ],
                        [
                            76.916413,
                            27.830609
                        ],
                        [
                            76.912306,
                            27.827351
                        ],
                        [
                            76.909584,
                            27.820115
                        ],
                        [
                            76.908878,
                            27.815848
                        ],
                        [
                            76.913734,
                            27.807253
                        ],
                        [
                            76.915089,
                            27.802347
                        ],
                        [
                            76.911277,
                            27.795971
                        ],
                        [
                            76.912385,
                            27.789577
                        ],
                        [
                            76.907113,
                            27.785776
                        ],
                        [
                            76.904048,
                            27.780834
                        ],
                        [
                            76.902078,
                            27.773952
                        ],
                        [
                            76.900748,
                            27.766724
                        ],
                        [
                            76.899806,
                            27.755884
                        ],
                        [
                            76.898994,
                            27.736715
                        ],
                        [
                            76.896238,
                            27.731902
                        ],
                        [
                            76.892435,
                            27.725603
                        ],
                        [
                            76.891697,
                            27.719121
                        ],
                        [
                            76.896895,
                            27.714244
                        ],
                        [
                            76.903731,
                            27.713193
                        ],
                        [
                            76.911138,
                            27.711124
                        ],
                        [
                            76.916654,
                            27.706762
                        ],
                        [
                            76.920553,
                            27.700774
                        ],
                        [
                            76.922905,
                            27.695482
                        ],
                        [
                            76.918685,
                            27.691312
                        ],
                        [
                            76.914339,
                            27.69052
                        ],
                        [
                            76.908638,
                            27.689311
                        ],
                        [
                            76.901819,
                            27.69294
                        ],
                        [
                            76.896331,
                            27.696365
                        ],
                        [
                            76.891141,
                            27.698063
                        ],
                        [
                            76.889217,
                            27.694061
                        ],
                        [
                            76.891408,
                            27.690195
                        ],
                        [
                            76.896929,
                            27.687525
                        ],
                        [
                            76.903035,
                            27.684351
                        ],
                        [
                            76.905046,
                            27.680637
                        ],
                        [
                            76.902312,
                            27.678011
                        ],
                        [
                            76.899932,
                            27.674588
                        ],
                        [
                            76.901521,
                            27.67156
                        ],
                        [
                            76.90545,
                            27.667103
                        ],
                        [
                            76.908375,
                            27.662713
                        ],
                        [
                            76.908798,
                            27.658119
                        ],
                        [
                            76.910898,
                            27.653189
                        ],
                        [
                            76.913643,
                            27.650638
                        ],
                        [
                            76.91775,
                            27.651467
                        ],
                        [
                            76.922116,
                            27.654267
                        ],
                        [
                            76.927286,
                            27.65614
                        ],
                        [
                            76.932136,
                            27.655385
                        ],
                        [
                            76.935135,
                            27.660087
                        ],
                        [
                            76.938598,
                            27.666365
                        ],
                        [
                            76.94253,
                            27.669744
                        ],
                        [
                            76.946767,
                            27.668319
                        ],
                        [
                            76.953109,
                            27.665212
                        ],
                        [
                            76.959867,
                            27.660886
                        ],
                        [
                            76.968561,
                            27.657056
                        ],
                        [
                            76.978836,
                            27.651763
                        ],
                        [
                            76.978677,
                            27.660079
                        ],
                        [
                            76.980642,
                            27.667494
                        ],
                        [
                            76.981506,
                            27.67504
                        ],
                        [
                            76.984478,
                            27.687476
                        ],
                        [
                            76.987518,
                            27.700781
                        ],
                        [
                            76.991219,
                            27.713121
                        ],
                        [
                            76.9959,
                            27.723894
                        ],
                        [
                            76.997578,
                            27.728395
                        ],
                        [
                            76.999838,
                            27.731047
                        ],
                        [
                            77.002025,
                            27.736311
                        ],
                        [
                            77.002868,
                            27.736657
                        ],
                        [
                            77.009475,
                            27.733126
                        ],
                        [
                            77.01186,
                            27.733153
                        ],
                        [
                            77.0135,
                            27.733749
                        ],
                        [
                            77.01992,
                            27.741118
                        ],
                        [
                            77.025314,
                            27.742353
                        ],
                        [
                            77.033364,
                            27.741724
                        ],
                        [
                            77.03748,
                            27.743959
                        ],
                        [
                            77.040495,
                            27.742996
                        ],
                        [
                            77.045024,
                            27.739204
                        ],
                        [
                            77.04785,
                            27.73617
                        ],
                        [
                            77.048804,
                            27.732936
                        ],
                        [
                            77.051257,
                            27.730483
                        ],
                        [
                            77.052776,
                            27.726809
                        ],
                        [
                            77.059165,
                            27.722684
                        ],
                        [
                            77.061726,
                            27.722433
                        ],
                        [
                            77.06797,
                            27.725925
                        ],
                        [
                            77.074282,
                            27.726974
                        ],
                        [
                            77.079687,
                            27.730298
                        ],
                        [
                            77.086523,
                            27.731889
                        ],
                        [
                            77.087773,
                            27.732955
                        ],
                        [
                            77.088003,
                            27.734728
                        ],
                        [
                            77.086977,
                            27.737432
                        ],
                        [
                            77.081094,
                            27.743658
                        ],
                        [
                            77.079753,
                            27.746481
                        ],
                        [
                            77.079275,
                            27.753403
                        ],
                        [
                            77.07593,
                            27.75832
                        ],
                        [
                            77.070391,
                            27.760253
                        ],
                        [
                            77.064585,
                            27.758951
                        ],
                        [
                            77.062792,
                            27.756474
                        ],
                        [
                            77.058663,
                            27.755612
                        ],
                        [
                            77.055485,
                            27.762562
                        ],
                        [
                            77.04801,
                            27.769487
                        ],
                        [
                            77.036968,
                            27.774893
                        ],
                        [
                            77.035305,
                            27.772506
                        ],
                        [
                            77.032657,
                            27.771616
                        ],
                        [
                            77.031328,
                            27.772546
                        ],
                        [
                            77.029212,
                            27.772713
                        ],
                        [
                            77.028308,
                            27.774924
                        ],
                        [
                            77.031623,
                            27.781784
                        ],
                        [
                            77.032592,
                            27.79277
                        ],
                        [
                            77.039001,
                            27.806025
                        ],
                        [
                            77.043195,
                            27.807104
                        ],
                        [
                            77.044,
                            27.80869
                        ],
                        [
                            77.043681,
                            27.811256
                        ],
                        [
                            77.046907,
                            27.814628
                        ],
                        [
                            77.053767,
                            27.811559
                        ],
                        [
                            77.055458,
                            27.812679
                        ],
                        [
                            77.060463,
                            27.80975
                        ],
                        [
                            77.064868,
                            27.806033
                        ],
                        [
                            77.073938,
                            27.807152
                        ],
                        [
                            77.077131,
                            27.80614
                        ],
                        [
                            77.081055,
                            27.804086
                        ],
                        [
                            77.082924,
                            27.798913
                        ],
                        [
                            77.0853,
                            27.796031
                        ],
                        [
                            77.088855,
                            27.794953
                        ],
                        [
                            77.102273,
                            27.784249
                        ],
                        [
                            77.109804,
                            27.780028
                        ],
                        [
                            77.111275,
                            27.779724
                        ],
                        [
                            77.116124,
                            27.781195
                        ],
                        [
                            77.123448,
                            27.784419
                        ],
                        [
                            77.126083,
                            27.78472
                        ],
                        [
                            77.128632,
                            27.783999
                        ],
                        [
                            77.130784,
                            27.782835
                        ],
                        [
                            77.133337,
                            27.779363
                        ],
                        [
                            77.133851,
                            27.771458
                        ],
                        [
                            77.135192,
                            27.770987
                        ],
                        [
                            77.144024,
                            27.778472
                        ],
                        [
                            77.150115,
                            27.78074
                        ],
                        [
                            77.155956,
                            27.781171
                        ],
                        [
                            77.160128,
                            27.786321
                        ],
                        [
                            77.162003,
                            27.792362
                        ],
                        [
                            77.162251,
                            27.796936
                        ],
                        [
                            77.158442,
                            27.80694
                        ],
                        [
                            77.159355,
                            27.81007
                        ],
                        [
                            77.160835,
                            27.81028
                        ],
                        [
                            77.165404,
                            27.808107
                        ],
                        [
                            77.169822,
                            27.807699
                        ],
                        [
                            77.181134,
                            27.810817
                        ],
                        [
                            77.184616,
                            27.808941
                        ],
                        [
                            77.189415,
                            27.803148
                        ],
                        [
                            77.189177,
                            27.798923
                        ],
                        [
                            77.186883,
                            27.797008
                        ],
                        [
                            77.177979,
                            27.795063
                        ],
                        [
                            77.175305,
                            27.790418
                        ],
                        [
                            77.17088,
                            27.785099
                        ],
                        [
                            77.172706,
                            27.781407
                        ],
                        [
                            77.177412,
                            27.779396
                        ],
                        [
                            77.184267,
                            27.781709
                        ],
                        [
                            77.197694,
                            27.792915
                        ],
                        [
                            77.195361,
                            27.804966
                        ],
                        [
                            77.19624,
                            27.809533
                        ],
                        [
                            77.202631,
                            27.816425
                        ],
                        [
                            77.205528,
                            27.813922
                        ],
                        [
                            77.210877,
                            27.807045
                        ],
                        [
                            77.214485,
                            27.799958
                        ],
                        [
                            77.215531,
                            27.795535
                        ],
                        [
                            77.225592,
                            27.789966
                        ],
                        [
                            77.230915,
                            27.792117
                        ],
                        [
                            77.235623,
                            27.790559
                        ],
                        [
                            77.237474,
                            27.787556
                        ],
                        [
                            77.23601,
                            27.783121
                        ],
                        [
                            77.240501,
                            27.780251
                        ],
                        [
                            77.24332,
                            27.780263
                        ],
                        [
                            77.249658,
                            27.784815
                        ],
                        [
                            77.256731,
                            27.788198
                        ],
                        [
                            77.261648,
                            27.792086
                        ],
                        [
                            77.265812,
                            27.79969
                        ],
                        [
                            77.266878,
                            27.803736
                        ],
                        [
                            77.271345,
                            27.81055
                        ],
                        [
                            77.276316,
                            27.806406
                        ],
                        [
                            77.284613,
                            27.800987
                        ],
                        [
                            77.288154,
                            27.797231
                        ],
                        [
                            77.299489,
                            27.796125
                        ],
                        [
                            77.30425,
                            27.794263
                        ],
                        [
                            77.306774,
                            27.792272
                        ],
                        [
                            77.309937,
                            27.788091
                        ],
                        [
                            77.313002,
                            27.78242
                        ],
                        [
                            77.312501,
                            27.770388
                        ],
                        [
                            77.310274,
                            27.76612
                        ],
                        [
                            77.310325,
                            27.763366
                        ],
                        [
                            77.311758,
                            27.759045
                        ],
                        [
                            77.311607,
                            27.755602
                        ],
                        [
                            77.310483,
                            27.754476
                        ],
                        [
                            77.310131,
                            27.750874
                        ],
                        [
                            77.314112,
                            27.743639
                        ],
                        [
                            77.314767,
                            27.739094
                        ],
                        [
                            77.318442,
                            27.737199
                        ],
                        [
                            77.320883,
                            27.734577
                        ],
                        [
                            77.321095,
                            27.733088
                        ],
                        [
                            77.319449,
                            27.731273
                        ],
                        [
                            77.305087,
                            27.724241
                        ],
                        [
                            77.306331,
                            27.713092
                        ],
                        [
                            77.31107,
                            27.707619
                        ],
                        [
                            77.317186,
                            27.708315
                        ],
                        [
                            77.325971,
                            27.705644
                        ],
                        [
                            77.329088,
                            27.707083
                        ],
                        [
                            77.333209,
                            27.707585
                        ],
                        [
                            77.339306,
                            27.705529
                        ],
                        [
                            77.342688,
                            27.70231
                        ],
                        [
                            77.343176,
                            27.693881
                        ],
                        [
                            77.345272,
                            27.690572
                        ],
                        [
                            77.345504,
                            27.679842
                        ],
                        [
                            77.343735,
                            27.675802
                        ],
                        [
                            77.346152,
                            27.670202
                        ],
                        [
                            77.345864,
                            27.664065
                        ],
                        [
                            77.348042,
                            27.656807
                        ],
                        [
                            77.351436,
                            27.651581
                        ],
                        [
                            77.351011,
                            27.647408
                        ],
                        [
                            77.340989,
                            27.632159
                        ],
                        [
                            77.321814,
                            27.611725
                        ],
                        [
                            77.319805,
                            27.606086
                        ],
                        [
                            77.334358,
                            27.591269
                        ],
                        [
                            77.336712,
                            27.590427
                        ],
                        [
                            77.34377,
                            27.59592
                        ],
                        [
                            77.358709,
                            27.587782
                        ],
                        [
                            77.356994,
                            27.584506
                        ],
                        [
                            77.35207,
                            27.579884
                        ],
                        [
                            77.346963,
                            27.570979
                        ],
                        [
                            77.341631,
                            27.570434
                        ],
                        [
                            77.339645,
                            27.567828
                        ],
                        [
                            77.338937,
                            27.565492
                        ],
                        [
                            77.33977,
                            27.563016
                        ],
                        [
                            77.339198,
                            27.558146
                        ],
                        [
                            77.342096,
                            27.548979
                        ],
                        [
                            77.346963,
                            27.544021
                        ],
                        [
                            77.348689,
                            27.541119
                        ],
                        [
                            77.343977,
                            27.536083
                        ],
                        [
                            77.341041,
                            27.532941
                        ],
                        [
                            77.343636,
                            27.524408
                        ],
                        [
                            77.348751,
                            27.51915
                        ],
                        [
                            77.360733,
                            27.514357
                        ],
                        [
                            77.36668,
                            27.51385
                        ],
                        [
                            77.369725,
                            27.512885
                        ],
                        [
                            77.384713,
                            27.512964
                        ],
                        [
                            77.390945,
                            27.510903
                        ],
                        [
                            77.391769,
                            27.505845
                        ],
                        [
                            77.398073,
                            27.499769
                        ],
                        [
                            77.400549,
                            27.496392
                        ],
                        [
                            77.400065,
                            27.487912
                        ],
                        [
                            77.400832,
                            27.480445
                        ],
                        [
                            77.402067,
                            27.476298
                        ],
                        [
                            77.404898,
                            27.472168
                        ],
                        [
                            77.415874,
                            27.470717
                        ],
                        [
                            77.419875,
                            27.467033
                        ],
                        [
                            77.423927,
                            27.460479
                        ],
                        [
                            77.433939,
                            27.459149
                        ],
                        [
                            77.43809,
                            27.456386
                        ],
                        [
                            77.437279,
                            27.449798
                        ],
                        [
                            77.43575,
                            27.445348
                        ],
                        [
                            77.431418,
                            27.443771
                        ],
                        [
                            77.429188,
                            27.44163
                        ],
                        [
                            77.426746,
                            27.436513
                        ],
                        [
                            77.425487,
                            27.432578
                        ],
                        [
                            77.423609,
                            27.41971
                        ],
                        [
                            77.433538,
                            27.413214
                        ],
                        [
                            77.435206,
                            27.410953
                        ],
                        [
                            77.438418,
                            27.399362
                        ],
                        [
                            77.437978,
                            27.398716
                        ],
                        [
                            77.440301,
                            27.393506
                        ],
                        [
                            77.444207,
                            27.391125
                        ],
                        [
                            77.451665,
                            27.387666
                        ],
                        [
                            77.470012,
                            27.381914
                        ],
                        [
                            77.475043,
                            27.378609
                        ],
                        [
                            77.484301,
                            27.382046
                        ],
                        [
                            77.495385,
                            27.379939
                        ],
                        [
                            77.505703,
                            27.375664
                        ],
                        [
                            77.510643,
                            27.371666
                        ],
                        [
                            77.512276,
                            27.368365
                        ],
                        [
                            77.516473,
                            27.36708
                        ],
                        [
                            77.517801,
                            27.362115
                        ],
                        [
                            77.530438,
                            27.351938
                        ],
                        [
                            77.539197,
                            27.347066
                        ],
                        [
                            77.547528,
                            27.347357
                        ],
                        [
                            77.548844,
                            27.341877
                        ],
                        [
                            77.551188,
                            27.336721
                        ],
                        [
                            77.570182,
                            27.329727
                        ],
                        [
                            77.575167,
                            27.327892
                        ],
                        [
                            77.576209,
                            27.327508
                        ],
                        [
                            77.581178,
                            27.324363
                        ],
                        [
                            77.582995,
                            27.321004
                        ],
                        [
                            77.588873,
                            27.322721
                        ],
                        [
                            77.59076,
                            27.325902
                        ],
                        [
                            77.595089,
                            27.329543
                        ],
                        [
                            77.601449,
                            27.332227
                        ],
                        [
                            77.613289,
                            27.332218
                        ],
                        [
                            77.616045,
                            27.336414
                        ],
                        [
                            77.618861,
                            27.338653
                        ],
                        [
                            77.622613,
                            27.337662
                        ],
                        [
                            77.624826,
                            27.332567
                        ],
                        [
                            77.624074,
                            27.328797
                        ],
                        [
                            77.623989,
                            27.319665
                        ],
                        [
                            77.62195,
                            27.309024
                        ],
                        [
                            77.617325,
                            27.306192
                        ],
                        [
                            77.611755,
                            27.304183
                        ],
                        [
                            77.608531,
                            27.298964
                        ],
                        [
                            77.605463,
                            27.298968
                        ],
                        [
                            77.60015,
                            27.297008
                        ],
                        [
                            77.600092,
                            27.294829
                        ],
                        [
                            77.606753,
                            27.29062
                        ],
                        [
                            77.611508,
                            27.289152
                        ],
                        [
                            77.61751,
                            27.282249
                        ],
                        [
                            77.617771,
                            27.27593
                        ],
                        [
                            77.622561,
                            27.273424
                        ],
                        [
                            77.619664,
                            27.268601
                        ],
                        [
                            77.615007,
                            27.266973
                        ],
                        [
                            77.617404,
                            27.259353
                        ],
                        [
                            77.621233,
                            27.254567
                        ],
                        [
                            77.631695,
                            27.258084
                        ],
                        [
                            77.634217,
                            27.256601
                        ],
                        [
                            77.637974,
                            27.249745
                        ],
                        [
                            77.642654,
                            27.247936
                        ],
                        [
                            77.647303,
                            27.241397
                        ],
                        [
                            77.647543,
                            27.241387
                        ],
                        [
                            77.646394,
                            27.236802
                        ],
                        [
                            77.646787,
                            27.23491
                        ],
                        [
                            77.652578,
                            27.233139
                        ],
                        [
                            77.651569,
                            27.226061
                        ],
                        [
                            77.647832,
                            27.217489
                        ],
                        [
                            77.647884,
                            27.211534
                        ],
                        [
                            77.650388,
                            27.209025
                        ],
                        [
                            77.656144,
                            27.208808
                        ],
                        [
                            77.663377,
                            27.206038
                        ],
                        [
                            77.665012,
                            27.207271
                        ],
                        [
                            77.675558,
                            27.201351
                        ],
                        [
                            77.681365,
                            27.194608
                        ],
                        [
                            77.680352,
                            27.189312
                        ],
                        [
                            77.67374,
                            27.180395
                        ],
                        [
                            77.669568,
                            27.177034
                        ],
                        [
                            77.662936,
                            27.169835
                        ],
                        [
                            77.651627,
                            27.16866
                        ],
                        [
                            77.644219,
                            27.16439
                        ],
                        [
                            77.639084,
                            27.164479
                        ],
                        [
                            77.636589,
                            27.167387
                        ],
                        [
                            77.633739,
                            27.168631
                        ],
                        [
                            77.630798,
                            27.169258
                        ],
                        [
                            77.623094,
                            27.169055
                        ],
                        [
                            77.613393,
                            27.162754
                        ],
                        [
                            77.612334,
                            27.158597
                        ],
                        [
                            77.614199,
                            27.153183
                        ],
                        [
                            77.614795,
                            27.148422
                        ],
                        [
                            77.606303,
                            27.142272
                        ],
                        [
                            77.601875,
                            27.142232
                        ],
                        [
                            77.60033,
                            27.139051
                        ],
                        [
                            77.600606,
                            27.134404
                        ],
                        [
                            77.604132,
                            27.131489
                        ],
                        [
                            77.602763,
                            27.127966
                        ],
                        [
                            77.605484,
                            27.123333
                        ],
                        [
                            77.603879,
                            27.120445
                        ],
                        [
                            77.598981,
                            27.117369
                        ],
                        [
                            77.594069,
                            27.118535
                        ],
                        [
                            77.591604,
                            27.114972
                        ],
                        [
                            77.582839,
                            27.116419
                        ],
                        [
                            77.564263,
                            27.11013
                        ],
                        [
                            77.553919,
                            27.109436
                        ],
                        [
                            77.552587,
                            27.109912
                        ],
                        [
                            77.547612,
                            27.105569
                        ],
                        [
                            77.540228,
                            27.104015
                        ],
                        [
                            77.537486,
                            27.098457
                        ],
                        [
                            77.528938,
                            27.100138
                        ],
                        [
                            77.521941,
                            27.102423
                        ],
                        [
                            77.516323,
                            27.097177
                        ],
                        [
                            77.510399,
                            27.09354
                        ],
                        [
                            77.507109,
                            27.090165
                        ],
                        [
                            77.506475,
                            27.08952
                        ],
                        [
                            77.507462,
                            27.088299
                        ],
                        [
                            77.519085,
                            27.088244
                        ],
                        [
                            77.522825,
                            27.086225
                        ],
                        [
                            77.521857,
                            27.085709
                        ],
                        [
                            77.525478,
                            27.083817
                        ],
                        [
                            77.52632,
                            27.082415
                        ],
                        [
                            77.525803,
                            27.074087
                        ],
                        [
                            77.522749,
                            27.068381
                        ],
                        [
                            77.522366,
                            27.064748
                        ],
                        [
                            77.529432,
                            27.061545
                        ],
                        [
                            77.534596,
                            27.060835
                        ],
                        [
                            77.537234,
                            27.061437
                        ],
                        [
                            77.54173,
                            27.064128
                        ],
                        [
                            77.549506,
                            27.071709
                        ],
                        [
                            77.554404,
                            27.075035
                        ],
                        [
                            77.562333,
                            27.071536
                        ],
                        [
                            77.571367,
                            27.072921
                        ],
                        [
                            77.573792,
                            27.07232
                        ],
                        [
                            77.576543,
                            27.066787
                        ],
                        [
                            77.573829,
                            27.063334
                        ],
                        [
                            77.575044,
                            27.060627
                        ],
                        [
                            77.574888,
                            27.054562
                        ],
                        [
                            77.57331,
                            27.048286
                        ],
                        [
                            77.569205,
                            27.045879
                        ],
                        [
                            77.567,
                            27.043105
                        ],
                        [
                            77.565469,
                            27.031217
                        ],
                        [
                            77.568716,
                            27.029962
                        ],
                        [
                            77.576279,
                            27.033636
                        ],
                        [
                            77.583163,
                            27.03588
                        ],
                        [
                            77.591992,
                            27.033625
                        ],
                        [
                            77.596827,
                            27.031368
                        ],
                        [
                            77.59867,
                            27.025949
                        ],
                        [
                            77.602393,
                            27.025491
                        ],
                        [
                            77.606901,
                            27.023128
                        ],
                        [
                            77.611533,
                            27.023392
                        ],
                        [
                            77.623689,
                            27.021691
                        ],
                        [
                            77.627585,
                            27.019203
                        ],
                        [
                            77.630124,
                            27.016167
                        ],
                        [
                            77.63234,
                            27.011189
                        ],
                        [
                            77.635489,
                            27.009798
                        ],
                        [
                            77.639026,
                            27.017702
                        ],
                        [
                            77.642372,
                            27.021297
                        ],
                        [
                            77.651464,
                            27.021469
                        ],
                        [
                            77.660085,
                            27.016859
                        ],
                        [
                            77.665143,
                            27.017007
                        ],
                        [
                            77.66799,
                            27.01932
                        ],
                        [
                            77.671434,
                            27.024584
                        ],
                        [
                            77.678941,
                            27.043173
                        ],
                        [
                            77.68151,
                            27.045827
                        ],
                        [
                            77.686362,
                            27.044795
                        ],
                        [
                            77.692479,
                            27.039185
                        ],
                        [
                            77.693034,
                            27.034105
                        ],
                        [
                            77.690188,
                            27.027214
                        ],
                        [
                            77.7019,
                            27.013789
                        ],
                        [
                            77.703826,
                            27.010319
                        ],
                        [
                            77.704751,
                            27.001212
                        ],
                        [
                            77.707103,
                            26.999978
                        ],
                        [
                            77.711702,
                            26.994575
                        ],
                        [
                            77.716717,
                            26.995365
                        ],
                        [
                            77.722059,
                            26.99222
                        ],
                        [
                            77.725768,
                            26.994278
                        ],
                        [
                            77.730457,
                            26.994598
                        ],
                        [
                            77.73152,
                            26.998167
                        ],
                        [
                            77.729199,
                            26.999963
                        ],
                        [
                            77.728353,
                            27.008307
                        ],
                        [
                            77.730345,
                            27.020393
                        ],
                        [
                            77.73468,
                            27.025797
                        ],
                        [
                            77.743747,
                            27.027991
                        ],
                        [
                            77.746607,
                            27.026929
                        ],
                        [
                            77.747557,
                            27.02184
                        ],
                        [
                            77.749054,
                            27.019775
                        ],
                        [
                            77.752104,
                            27.017994
                        ],
                        [
                            77.761309,
                            27.017872
                        ],
                        [
                            77.763226,
                            27.017003
                        ],
                        [
                            77.755873,
                            27.01187
                        ],
                        [
                            77.753469,
                            27.007611
                        ],
                        [
                            77.754356,
                            27.005114
                        ],
                        [
                            77.753648,
                            27.002943
                        ],
                        [
                            77.750728,
                            27.000603
                        ],
                        [
                            77.750637,
                            26.999954
                        ],
                        [
                            77.75426,
                            26.997192
                        ],
                        [
                            77.755879,
                            26.992747
                        ],
                        [
                            77.751535,
                            26.991913
                        ],
                        [
                            77.747848,
                            26.9922
                        ],
                        [
                            77.747157,
                            26.985323
                        ],
                        [
                            77.744491,
                            26.982481
                        ],
                        [
                            77.731432,
                            26.982504
                        ],
                        [
                            77.722724,
                            26.985927
                        ],
                        [
                            77.718044,
                            26.981966
                        ],
                        [
                            77.709352,
                            26.978594
                        ],
                        [
                            77.700016,
                            26.973259
                        ],
                        [
                            77.678349,
                            26.971396
                        ],
                        [
                            77.676692,
                            26.963469
                        ],
                        [
                            77.67336,
                            26.961209
                        ],
                        [
                            77.667675,
                            26.962366
                        ],
                        [
                            77.664668,
                            26.968352
                        ],
                        [
                            77.660665,
                            26.969226
                        ],
                        [
                            77.65699,
                            26.968105
                        ],
                        [
                            77.650305,
                            26.961583
                        ],
                        [
                            77.612803,
                            26.940271
                        ],
                        [
                            77.606104,
                            26.934584
                        ],
                        [
                            77.601749,
                            26.932026
                        ],
                        [
                            77.599745,
                            26.938294
                        ],
                        [
                            77.595405,
                            26.938862
                        ],
                        [
                            77.592724,
                            26.936591
                        ],
                        [
                            77.587682,
                            26.925191
                        ],
                        [
                            77.565257,
                            26.920358
                        ],
                        [
                            77.553207,
                            26.916374
                        ],
                        [
                            77.526434,
                            26.909826
                        ],
                        [
                            77.503674,
                            26.900139
                        ],
                        [
                            77.490283,
                            26.898141
                        ],
                        [
                            77.481581,
                            26.89415
                        ],
                        [
                            77.472553,
                            26.88703
                        ],
                        [
                            77.46295,
                            26.883938
                        ],
                        [
                            77.463277,
                            26.874812
                        ],
                        [
                            77.461944,
                            26.871113
                        ],
                        [
                            77.458261,
                            26.869398
                        ],
                        [
                            77.449573,
                            26.87197
                        ],
                        [
                            77.44422,
                            26.862274
                        ],
                        [
                            77.439534,
                            26.860281
                        ],
                        [
                            77.434189,
                            26.861421
                        ],
                        [
                            77.430178,
                            26.861415
                        ],
                        [
                            77.431177,
                            26.852016
                        ],
                        [
                            77.433853,
                            26.847448
                        ],
                        [
                            77.429168,
                            26.843174
                        ],
                        [
                            77.425158,
                            26.837195
                        ],
                        [
                            77.430513,
                            26.83121
                        ],
                        [
                            77.433516,
                            26.830072
                        ],
                        [
                            77.434861,
                            26.826081
                        ],
                        [
                            77.441876,
                            26.819809
                        ],
                        [
                            77.446888,
                            26.813545
                        ],
                        [
                            77.445887,
                            26.803276
                        ],
                        [
                            77.439532,
                            26.786744
                        ],
                        [
                            77.436201,
                            26.780193
                        ],
                        [
                            77.434859,
                            26.770501
                        ],
                        [
                            77.436194,
                            26.764514
                        ],
                        [
                            77.44188,
                            26.766795
                        ],
                        [
                            77.446554,
                            26.770214
                        ],
                        [
                            77.452898,
                            26.771926
                        ],
                        [
                            77.458577,
                            26.775062
                        ],
                        [
                            77.463598,
                            26.774776
                        ],
                        [
                            77.47194,
                            26.763949
                        ],
                        [
                            77.469276,
                            26.760241
                        ],
                        [
                            77.46493,
                            26.756534
                        ],
                        [
                            77.455901,
                            26.74115
                        ],
                        [
                            77.487974,
                            26.748269
                        ],
                        [
                            77.493982,
                            26.755396
                        ],
                        [
                            77.501004,
                            26.761375
                        ],
                        [
                            77.504346,
                            26.768495
                        ],
                        [
                            77.497,
                            26.771633
                        ],
                        [
                            77.49199,
                            26.776772
                        ],
                        [
                            77.48865,
                            26.782186
                        ],
                        [
                            77.489994,
                            26.788451
                        ],
                        [
                            77.494343,
                            26.795578
                        ],
                        [
                            77.49702,
                            26.802987
                        ],
                        [
                            77.504721,
                            26.832337
                        ],
                        [
                            77.505731,
                            26.842312
                        ],
                        [
                            77.509739,
                            26.84089
                        ],
                        [
                            77.514427,
                            26.841742
                        ],
                        [
                            77.52144,
                            26.839457
                        ],
                        [
                            77.523109,
                            26.835755
                        ],
                        [
                            77.520093,
                            26.832622
                        ],
                        [
                            77.519759,
                            26.822355
                        ],
                        [
                            77.522094,
                            26.818934
                        ],
                        [
                            77.52844,
                            26.816367
                        ],
                        [
                            77.53613,
                            26.81893
                        ],
                        [
                            77.543483,
                            26.819785
                        ],
                        [
                            77.55518,
                            26.816069
                        ],
                        [
                            77.564201,
                            26.816342
                        ],
                        [
                            77.572559,
                            26.818904
                        ],
                        [
                            77.576571,
                            26.821752
                        ],
                        [
                            77.57993,
                            26.826305
                        ],
                        [
                            77.585271,
                            26.82744
                        ],
                        [
                            77.595967,
                            26.827715
                        ],
                        [
                            77.604005,
                            26.83598
                        ],
                        [
                            77.608017,
                            26.836827
                        ],
                        [
                            77.608673,
                            26.828557
                        ],
                        [
                            77.612342,
                            26.827132
                        ],
                        [
                            77.616363,
                            26.828835
                        ],
                        [
                            77.619713,
                            26.833961
                        ],
                        [
                            77.621052,
                            26.8388
                        ],
                        [
                            77.624073,
                            26.842795
                        ],
                        [
                            77.632757,
                            26.841069
                        ],
                        [
                            77.665207,
                            26.850713
                        ],
                        [
                            77.672567,
                            26.854127
                        ],
                        [
                            77.674911,
                            26.856682
                        ],
                        [
                            77.679617,
                            26.868364
                        ],
                        [
                            77.682624,
                            26.868928
                        ],
                        [
                            77.686314,
                            26.872624
                        ],
                        [
                            77.690325,
                            26.873469
                        ],
                        [
                            77.694335,
                            26.872613
                        ],
                        [
                            77.69734,
                            26.867765
                        ],
                        [
                            77.701678,
                            26.867185
                        ],
                        [
                            77.704363,
                            26.870884
                        ],
                        [
                            77.705713,
                            26.874306
                        ],
                        [
                            77.713407,
                            26.87457
                        ],
                        [
                            77.723833,
                            26.875618
                        ],
                        [
                            77.727866,
                            26.881027
                        ],
                        [
                            77.728558,
                            26.887299
                        ],
                        [
                            77.727899,
                            26.891008
                        ],
                        [
                            77.725904,
                            26.893867
                        ],
                        [
                            77.718874,
                            26.8973
                        ],
                        [
                            77.726945,
                            26.910689
                        ],
                        [
                            77.731986,
                            26.91723
                        ],
                        [
                            77.73701,
                            26.92007
                        ],
                        [
                            77.748732,
                            26.921185
                        ],
                        [
                            77.752416,
                            26.917478
                        ],
                        [
                            77.756777,
                            26.921176
                        ],
                        [
                            77.761483,
                            26.931991
                        ],
                        [
                            77.773213,
                            26.93225
                        ],
                        [
                            77.781594,
                            26.930534
                        ],
                        [
                            77.781253,
                            26.926829
                        ],
                        [
                            77.789614,
                            26.921968
                        ],
                        [
                            77.796968,
                            26.916536
                        ],
                        [
                            77.804,
                            26.917651
                        ],
                        [
                            77.807368,
                            26.922497
                        ],
                        [
                            77.813405,
                            26.92277
                        ],
                        [
                            77.816752,
                            26.919906
                        ],
                        [
                            77.822766,
                            26.917038
                        ],
                        [
                            77.829477,
                            26.920446
                        ],
                        [
                            77.834489,
                            26.915288
                        ],
                        [
                            77.844532,
                            26.913835
                        ],
                        [
                            77.849211,
                            26.910686
                        ],
                        [
                            77.857559,
                            26.906658
                        ],
                        [
                            77.879628,
                            26.89974
                        ],
                        [
                            77.88495,
                            26.893445
                        ],
                        [
                            77.890297,
                            26.89028
                        ],
                        [
                            77.892951,
                            26.88656
                        ],
                        [
                            77.898285,
                            26.883694
                        ],
                        [
                            77.904307,
                            26.883958
                        ],
                        [
                            77.909017,
                            26.889372
                        ],
                        [
                            77.911048,
                            26.895366
                        ],
                        [
                            77.909094,
                            26.905936
                        ],
                        [
                            77.906778,
                            26.909648
                        ],
                        [
                            77.905133,
                            26.914223
                        ],
                        [
                            77.908155,
                            26.918777
                        ],
                        [
                            77.914832,
                            26.91819
                        ],
                        [
                            77.917489,
                            26.915049
                        ],
                        [
                            77.91647,
                            26.911059
                        ],
                        [
                            77.917784,
                            26.908488
                        ],
                        [
                            77.930105,
                            26.908766
                        ],
                        [
                            77.937066,
                            26.90706
                        ],
                        [
                            77.940358,
                            26.904221
                        ],
                        [
                            77.942975,
                            26.899387
                        ],
                        [
                            77.945936,
                            26.896272
                        ],
                        [
                            77.950195,
                            26.894015
                        ],
                        [
                            77.971217,
                            26.906778
                        ],
                        [
                            77.974048,
                            26.905197
                        ],
                        [
                            77.97308,
                            26.901456
                        ],
                        [
                            77.974999,
                            26.897228
                        ],
                        [
                            77.978869,
                            26.893918
                        ],
                        [
                            77.98338,
                            26.891741
                        ],
                        [
                            77.988522,
                            26.891908
                        ],
                        [
                            77.993278,
                            26.895592
                        ],
                        [
                            78.000158,
                            26.905108
                        ],
                        [
                            78.006663,
                            26.90406
                        ],
                        [
                            78.01495,
                            26.904859
                        ],
                        [
                            78.022354,
                            26.902589
                        ],
                        [
                            78.024577,
                            26.899188
                        ],
                        [
                            78.027399,
                            26.891647
                        ],
                        [
                            78.029994,
                            26.88899
                        ],
                        [
                            78.030345,
                            26.884389
                        ],
                        [
                            78.025822,
                            26.876236
                        ],
                        [
                            78.028359,
                            26.873818
                        ],
                        [
                            78.0362,
                            26.870348
                        ],
                        [
                            78.035568,
                            26.867683
                        ],
                        [
                            78.0246,
                            26.858025
                        ],
                        [
                            78.025856,
                            26.855857
                        ],
                        [
                            78.030271,
                            26.855085
                        ],
                        [
                            78.035459,
                            26.856396
                        ],
                        [
                            78.039385,
                            26.859695
                        ],
                        [
                            78.043676,
                            26.868768
                        ],
                        [
                            78.045846,
                            26.871167
                        ],
                        [
                            78.047937,
                            26.871552
                        ],
                        [
                            78.054167,
                            26.869087
                        ],
                        [
                            78.056088,
                            26.86901
                        ],
                        [
                            78.056007,
                            26.871942
                        ],
                        [
                            78.0531,
                            26.876319
                        ],
                        [
                            78.052594,
                            26.878736
                        ],
                        [
                            78.053549,
                            26.897058
                        ],
                        [
                            78.050571,
                            26.909621
                        ],
                        [
                            78.056963,
                            26.907963
                        ],
                        [
                            78.060818,
                            26.909077
                        ],
                        [
                            78.065452,
                            26.907493
                        ],
                        [
                            78.068891,
                            26.910091
                        ],
                        [
                            78.071271,
                            26.909045
                        ],
                        [
                            78.076225,
                            26.904472
                        ],
                        [
                            78.081131,
                            26.901741
                        ],
                        [
                            78.095172,
                            26.896198
                        ],
                        [
                            78.097761,
                            26.897052
                        ],
                        [
                            78.098269,
                            26.899941
                        ],
                        [
                            78.096642,
                            26.904113
                        ],
                        [
                            78.099418,
                            26.905839
                        ],
                        [
                            78.101806,
                            26.904272
                        ],
                        [
                            78.106982,
                            26.898152
                        ],
                        [
                            78.109833,
                            26.899179
                        ],
                        [
                            78.111125,
                            26.904104
                        ],
                        [
                            78.107463,
                            26.914794
                        ],
                        [
                            78.104988,
                            26.917224
                        ],
                        [
                            78.103734,
                            26.923235
                        ],
                        [
                            78.107031,
                            26.924797
                        ],
                        [
                            78.110533,
                            26.925032
                        ],
                        [
                            78.114694,
                            26.924195
                        ],
                        [
                            78.121112,
                            26.92167
                        ],
                        [
                            78.12271,
                            26.924755
                        ],
                        [
                            78.123656,
                            26.932365
                        ],
                        [
                            78.121479,
                            26.936127
                        ],
                        [
                            78.117858,
                            26.939053
                        ],
                        [
                            78.116378,
                            26.942483
                        ],
                        [
                            78.116468,
                            26.94418
                        ],
                        [
                            78.119757,
                            26.947405
                        ],
                        [
                            78.123339,
                            26.949029
                        ],
                        [
                            78.135512,
                            26.949671
                        ],
                        [
                            78.142515,
                            26.951183
                        ],
                        [
                            78.147909,
                            26.951297
                        ],
                        [
                            78.15454,
                            26.94722
                        ],
                        [
                            78.161114,
                            26.946313
                        ],
                        [
                            78.171616,
                            26.946854
                        ],
                        [
                            78.182225,
                            26.942854
                        ],
                        [
                            78.198979,
                            26.940918
                        ],
                        [
                            78.209742,
                            26.934481
                        ],
                        [
                            78.213724,
                            26.93306
                        ],
                        [
                            78.216766,
                            26.933918
                        ],
                        [
                            78.220689,
                            26.943776
                        ],
                        [
                            78.224416,
                            26.948107
                        ],
                        [
                            78.229026,
                            26.941843
                        ],
                        [
                            78.231906,
                            26.939237
                        ],
                        [
                            78.235828,
                            26.937737
                        ],
                        [
                            78.237929,
                            26.935471
                        ],
                        [
                            78.239121,
                            26.930938
                        ],
                        [
                            78.241233,
                            26.927854
                        ],
                        [
                            78.248765,
                            26.927796
                        ],
                        [
                            78.255839,
                            26.924909
                        ],
                        [
                            78.26072,
                            26.929137
                        ],
                        [
                            78.266833,
                            26.92818
                        ],
                        [
                            78.269741,
                            26.925932
                        ],
                        [
                            78.270292,
                            26.924324
                        ],
                        [
                            78.270755,
                            26.917669
                        ],
                        [
                            78.268037,
                            26.910376
                        ],
                        [
                            78.262831,
                            26.903915
                        ],
                        [
                            78.261158,
                            26.89878
                        ],
                        [
                            78.25665,
                            26.894795
                        ],
                        [
                            78.240955,
                            26.889627
                        ],
                        [
                            78.238252,
                            26.88808
                        ],
                        [
                            78.235,
                            26.876804
                        ],
                        [
                            78.21326,
                            26.87157
                        ],
                        [
                            78.208958,
                            26.872762
                        ],
                        [
                            78.201951,
                            26.883692
                        ],
                        [
                            78.199549,
                            26.882782
                        ],
                        [
                            78.198584,
                            26.877645
                        ],
                        [
                            78.205284,
                            26.866303
                        ],
                        [
                            78.209146,
                            26.856582
                        ],
                        [
                            78.212867,
                            26.849738
                        ],
                        [
                            78.215949,
                            26.846509
                        ],
                        [
                            78.222338,
                            26.842706
                        ],
                        [
                            78.220014,
                            26.832644
                        ],
                        [
                            78.218167,
                            26.830283
                        ],
                        [
                            78.211146,
                            26.826507
                        ],
                        [
                            78.200445,
                            26.824008
                        ],
                        [
                            78.187891,
                            26.82521
                        ],
                        [
                            78.181612,
                            26.82677
                        ],
                        [
                            78.175899,
                            26.826143
                        ],
                        [
                            78.171881,
                            26.824045
                        ],
                        [
                            78.169272,
                            26.821234
                        ],
                        [
                            78.171722,
                            26.814136
                        ],
                        [
                            78.187673,
                            26.795366
                        ],
                        [
                            78.188731,
                            26.791245
                        ],
                        [
                            78.188046,
                            26.78777
                        ],
                        [
                            78.1844,
                            26.785696
                        ],
                        [
                            78.168063,
                            26.785327
                        ],
                        [
                            78.154056,
                            26.785931
                        ],
                        [
                            78.148728,
                            26.78785
                        ],
                        [
                            78.139572,
                            26.793373
                        ],
                        [
                            78.127272,
                            26.796767
                        ],
                        [
                            78.121172,
                            26.796772
                        ],
                        [
                            78.113765,
                            26.794964
                        ],
                        [
                            78.10806,
                            26.791227
                        ],
                        [
                            78.103599,
                            26.783647
                        ],
                        [
                            78.102657,
                            26.777645
                        ],
                        [
                            78.103886,
                            26.766027
                        ],
                        [
                            78.105282,
                            26.763635
                        ],
                        [
                            78.108726,
                            26.760596
                        ],
                        [
                            78.119245,
                            26.756355
                        ],
                        [
                            78.123016,
                            26.75303
                        ],
                        [
                            78.124261,
                            26.748847
                        ],
                        [
                            78.119866,
                            26.74387
                        ],
                        [
                            78.104166,
                            26.737989
                        ],
                        [
                            78.097301,
                            26.732329
                        ],
                        [
                            78.094905,
                            26.726005
                        ],
                        [
                            78.094639,
                            26.718687
                        ],
                        [
                            78.097093,
                            26.694968
                        ],
                        [
                            78.096155,
                            26.68091
                        ],
                        [
                            78.093819,
                            26.6773
                        ],
                        [
                            78.086704,
                            26.674574
                        ],
                        [
                            78.083451,
                            26.672442
                        ],
                        [
                            78.077473,
                            26.672759
                        ],
                        [
                            78.073187,
                            26.673889
                        ],
                        [
                            78.069002,
                            26.676109
                        ],
                        [
                            78.064269,
                            26.680156
                        ],
                        [
                            78.057184,
                            26.684046
                        ],
                        [
                            78.051183,
                            26.68531
                        ],
                        [
                            78.039613,
                            26.685598
                        ],
                        [
                            78.02725,
                            26.69188
                        ],
                        [
                            78.019941,
                            26.6944
                        ],
                        [
                            78.000239,
                            26.696899
                        ],
                        [
                            77.996574,
                            26.694255
                        ],
                        [
                            77.983706,
                            26.677564
                        ],
                        [
                            77.97678,
                            26.670909
                        ],
                        [
                            77.968496,
                            26.665804
                        ],
                        [
                            77.961508,
                            26.66369
                        ],
                        [
                            77.955841,
                            26.659321
                        ],
                        [
                            77.947839,
                            26.656991
                        ],
                        [
                            77.931844,
                            26.659273
                        ],
                        [
                            77.911511,
                            26.660452
                        ],
                        [
                            77.902477,
                            26.656492
                        ],
                        [
                            77.898764,
                            26.648795
                        ],
                        [
                            77.898019,
                            26.634811
                        ],
                        [
                            77.89664,
                            26.627104
                        ],
                        [
                            77.88723,
                            26.614594
                        ],
                        [
                            77.878215,
                            26.612922
                        ],
                        [
                            77.859253,
                            26.610315
                        ],
                        [
                            77.850242,
                            26.609488
                        ],
                        [
                            77.841889,
                            26.60609
                        ],
                        [
                            77.833189,
                            26.599559
                        ],
                        [
                            77.828179,
                            26.594156
                        ],
                        [
                            77.826156,
                            26.588177
                        ],
                        [
                            77.832126,
                            26.578754
                        ],
                        [
                            77.832418,
                            26.567069
                        ],
                        [
                            77.825371,
                            26.554545
                        ],
                        [
                            77.82069,
                            26.549141
                        ],
                        [
                            77.812004,
                            26.545741
                        ],
                        [
                            77.80533,
                            26.544618
                        ],
                        [
                            77.790676,
                            26.546936
                        ],
                        [
                            77.774666,
                            26.547823
                        ],
                        [
                            77.765657,
                            26.544995
                        ],
                        [
                            77.757646,
                            26.541022
                        ],
                        [
                            77.751964,
                            26.539607
                        ],
                        [
                            77.746966,
                            26.537052
                        ],
                        [
                            77.738262,
                            26.524247
                        ],
                        [
                            77.734556,
                            26.509721
                        ],
                        [
                            77.728539,
                            26.502887
                        ],
                        [
                            77.721524,
                            26.498627
                        ],
                        [
                            77.702526,
                            26.495246
                        ],
                        [
                            77.69353,
                            26.496967
                        ],
                        [
                            77.685527,
                            26.499829
                        ],
                        [
                            77.67854,
                            26.504117
                        ],
                        [
                            77.675202,
                            26.502697
                        ],
                        [
                            77.662185,
                            26.491604
                        ],
                        [
                            77.653846,
                            26.488186
                        ],
                        [
                            77.646833,
                            26.483638
                        ],
                        [
                            77.634165,
                            26.47739
                        ],
                        [
                            77.62749,
                            26.471407
                        ],
                        [
                            77.624149,
                            26.466279
                        ],
                        [
                            77.622801,
                            26.460868
                        ],
                        [
                            77.616126,
                            26.453752
                        ],
                        [
                            77.60646,
                            26.448633
                        ],
                        [
                            77.58646,
                            26.445511
                        ],
                        [
                            77.576464,
                            26.437542
                        ],
                        [
                            77.566466,
                            26.435276
                        ],
                        [
                            77.558797,
                            26.434991
                        ],
                        [
                            77.554471,
                            26.43072
                        ],
                        [
                            77.549795,
                            26.423885
                        ],
                        [
                            77.544465,
                            26.417901
                        ],
                        [
                            77.537122,
                            26.412491
                        ],
                        [
                            77.530131,
                            26.409359
                        ],
                        [
                            77.513145,
                            26.40737
                        ],
                        [
                            77.501154,
                            26.408039
                        ],
                        [
                            77.482169,
                            26.409092
                        ],
                        [
                            77.466185,
                            26.405678
                        ],
                        [
                            77.441197,
                            26.40368
                        ],
                        [
                            77.434873,
                            26.401396
                        ],
                        [
                            77.432543,
                            26.396552
                        ],
                        [
                            77.433546,
                            26.389995
                        ],
                        [
                            77.440873,
                            26.382015
                        ],
                        [
                            77.44686,
                            26.37318
                        ],
                        [
                            77.446535,
                            26.367476
                        ],
                        [
                            77.443868,
                            26.36263
                        ],
                        [
                            77.439537,
                            26.359496
                        ],
                        [
                            77.422557,
                            26.362626
                        ],
                        [
                            77.414906,
                            26.363488
                        ],
                        [
                            77.408909,
                            26.3632
                        ],
                        [
                            77.401584,
                            26.361202
                        ],
                        [
                            77.392923,
                            26.356923
                        ],
                        [
                            77.38993,
                            26.356919
                        ],
                        [
                            77.385934,
                            26.358347
                        ],
                        [
                            77.373282,
                            26.366033
                        ],
                        [
                            77.367288,
                            26.364037
                        ],
                        [
                            77.353645,
                            26.354906
                        ],
                        [
                            77.341666,
                            26.351759
                        ],
                        [
                            77.336341,
                            26.342639
                        ],
                        [
                            77.334013,
                            26.341776
                        ],
                        [
                            77.331018,
                            26.342636
                        ],
                        [
                            77.325025,
                            26.340919
                        ],
                        [
                            77.318717,
                            26.328372
                        ],
                        [
                            77.3154,
                            26.316112
                        ],
                        [
                            77.315079,
                            26.309551
                        ],
                        [
                            77.296793,
                            26.290155
                        ],
                        [
                            77.273869,
                            26.27074
                        ],
                        [
                            77.258243,
                            26.261606
                        ],
                        [
                            77.244611,
                            26.257309
                        ],
                        [
                            77.215112,
                            26.238845
                        ],
                        [
                            77.209796,
                            26.23201
                        ],
                        [
                            77.201166,
                            26.230586
                        ],
                        [
                            77.191192,
                            26.231438
                        ],
                        [
                            77.184207,
                            26.233718
                        ],
                        [
                            77.176896,
                            26.239134
                        ],
                        [
                            77.171601,
                            26.239126
                        ],
                        [
                            77.167971,
                            26.236852
                        ],
                        [
                            77.164682,
                            26.233158
                        ],
                        [
                            77.159417,
                            26.232584
                        ],
                        [
                            77.149905,
                            26.232875
                        ],
                        [
                            77.136163,
                            26.234289
                        ],
                        [
                            77.130646,
                            26.232582
                        ],
                        [
                            77.120267,
                            26.22602
                        ],
                        [
                            77.120244,
                            26.226006
                        ],
                        [
                            77.115984,
                            26.219725
                        ],
                        [
                            77.112446,
                            26.214015
                        ],
                        [
                            77.111639,
                            26.203764
                        ],
                        [
                            77.104779,
                            26.196934
                        ],
                        [
                            77.102961,
                            26.190101
                        ],
                        [
                            77.098208,
                            26.18555
                        ],
                        [
                            77.091139,
                            26.181839
                        ],
                        [
                            77.075422,
                            26.180087
                        ],
                        [
                            77.065427,
                            26.180037
                        ],
                        [
                            77.0591,
                            26.180857
                        ],
                        [
                            77.051444,
                            26.179641
                        ],
                        [
                            77.041175,
                            26.176626
                        ],
                        [
                            77.030311,
                            26.170876
                        ],
                        [
                            77.017638,
                            26.160016
                        ],
                        [
                            77.014119,
                            26.155293
                        ],
                        [
                            77.011193,
                            26.153953
                        ],
                        [
                            77.006067,
                            26.147349
                        ],
                        [
                            77.002823,
                            26.142447
                        ],
                        [
                            77.000827,
                            26.132507
                        ],
                        [
                            76.992361,
                            26.127081
                        ],
                        [
                            76.974872,
                            26.118783
                        ],
                        [
                            76.95978,
                            26.110066
                        ],
                        [
                            76.948144,
                            26.102877
                        ],
                        [
                            76.944962,
                            26.100841
                        ],
                        [
                            76.935188,
                            26.097442
                        ],
                        [
                            76.924553,
                            26.097417
                        ],
                        [
                            76.912513,
                            26.095877
                        ],
                        [
                            76.901491,
                            26.092811
                        ],
                        [
                            76.893952,
                            26.088115
                        ],
                        [
                            76.889028,
                            26.081225
                        ],
                        [
                            76.888353,
                            26.073404
                        ],
                        [
                            76.883092,
                            26.066853
                        ],
                        [
                            76.87866,
                            26.058956
                        ],
                        [
                            76.876523,
                            26.051261
                        ],
                        [
                            76.87001,
                            26.046492
                        ],
                        [
                            76.863816,
                            26.043377
                        ],
                        [
                            76.857823,
                            26.038337
                        ],
                        [
                            76.851778,
                            26.0351
                        ],
                        [
                            76.850541,
                            26.034473
                        ],
                        [
                            76.846895,
                            26.032623
                        ],
                        [
                            76.844127,
                            26.031219
                        ],
                        [
                            76.836424,
                            26.024427
                        ],
                        [
                            76.846236,
                            26.006119
                        ],
                        [
                            76.843034,
                            25.99687
                        ],
                        [
                            76.835601,
                            25.990769
                        ],
                        [
                            76.829239,
                            25.987566
                        ],
                        [
                            76.825809,
                            25.98353
                        ],
                        [
                            76.823999,
                            25.979131
                        ],
                        [
                            76.824815,
                            25.966102
                        ],
                        [
                            76.822182,
                            25.961985
                        ],
                        [
                            76.812204,
                            25.947852
                        ],
                        [
                            76.800669,
                            25.939089
                        ],
                        [
                            76.791767,
                            25.935339
                        ],
                        [
                            76.782615,
                            25.934267
                        ],
                        [
                            76.766478,
                            25.937416
                        ],
                        [
                            76.761737,
                            25.936586
                        ],
                        [
                            76.759357,
                            25.934535
                        ],
                        [
                            76.758627,
                            25.9307
                        ],
                        [
                            76.759252,
                            25.927138
                        ],
                        [
                            76.76257,
                            25.923245
                        ],
                        [
                            76.768581,
                            25.920213
                        ],
                        [
                            76.768206,
                            25.916961
                        ],
                        [
                            76.7614,
                            25.911127
                        ],
                        [
                            76.75123,
                            25.904137
                        ],
                        [
                            76.739064,
                            25.897472
                        ],
                        [
                            76.727948,
                            25.895237
                        ],
                        [
                            76.720222,
                            25.895921
                        ],
                        [
                            76.711183,
                            25.898395
                        ],
                        [
                            76.702151,
                            25.902047
                        ],
                        [
                            76.689754,
                            25.905152
                        ],
                        [
                            76.680037,
                            25.906754
                        ],
                        [
                            76.662209,
                            25.905766
                        ],
                        [
                            76.651773,
                            25.903816
                        ],
                        [
                            76.647036,
                            25.901206
                        ],
                        [
                            76.643957,
                            25.896496
                        ],
                        [
                            76.641199,
                            25.890901
                        ],
                        [
                            76.637255,
                            25.870221
                        ],
                        [
                            76.632166,
                            25.865841
                        ],
                        [
                            76.622083,
                            25.866239
                        ],
                        [
                            76.60299,
                            25.87148
                        ],
                        [
                            76.598252,
                            25.869172
                        ],
                        [
                            76.59078,
                            25.862731
                        ],
                        [
                            76.572217,
                            25.834701
                        ],
                        [
                            76.554863,
                            25.820079
                        ],
                        [
                            76.547017,
                            25.812453
                        ],
                        [
                            76.540848,
                            25.804226
                        ],
                        [
                            76.534655,
                            25.793033
                        ],
                        [
                            76.527967,
                            25.769407
                        ],
                        [
                            76.527528,
                            25.761416
                        ],
                        [
                            76.535665,
                            25.738815
                        ],
                        [
                            76.535892,
                            25.729044
                        ],
                        [
                            76.531807,
                            25.726118
                        ],
                        [
                            76.515978,
                            25.725101
                        ],
                        [
                            76.508222,
                            25.723694
                        ],
                        [
                            76.487574,
                            25.713239
                        ],
                        [
                            76.483055,
                            25.701142
                        ],
                        [
                            76.482921,
                            25.690178
                        ],
                        [
                            76.486894,
                            25.684516
                        ],
                        [
                            76.494219,
                            25.678514
                        ],
                        [
                            76.512969,
                            25.671219
                        ],
                        [
                            76.515956,
                            25.667935
                        ],
                        [
                            76.504561,
                            25.643459
                        ],
                        [
                            76.505854,
                            25.638411
                        ],
                        [
                            76.510492,
                            25.633335
                        ],
                        [
                            76.515881,
                            25.633276
                        ],
                        [
                            76.519853,
                            25.628792
                        ],
                        [
                            76.520876,
                            25.602121
                        ],
                        [
                            76.514921,
                            25.582339
                        ],
                        [
                            76.514831,
                            25.57494
                        ],
                        [
                            76.51742,
                            25.566917
                        ],
                        [
                            76.521384,
                            25.560656
                        ],
                        [
                            76.525308,
                            25.552026
                        ],
                        [
                            76.527244,
                            25.545489
                        ],
                        [
                            76.527473,
                            25.536601
                        ],
                        [
                            76.525318,
                            25.525067
                        ],
                        [
                            76.5276,
                            25.519417
                        ],
                        [
                            76.533564,
                            25.512839
                        ],
                        [
                            76.53956,
                            25.50863
                        ],
                        [
                            76.542878,
                            25.505339
                        ],
                        [
                            76.54517,
                            25.50087
                        ],
                        [
                            76.547089,
                            25.492555
                        ],
                        [
                            76.55169,
                            25.484813
                        ],
                        [
                            76.555654,
                            25.479437
                        ],
                        [
                            76.561316,
                            25.474936
                        ],
                        [
                            76.564588,
                            25.468382
                        ],
                        [
                            76.565635,
                            25.444979
                        ],
                        [
                            76.568461,
                            25.439136
                        ],
                        [
                            76.569237,
                            25.437532
                        ],
                        [
                            76.579238,
                            25.431803
                        ],
                        [
                            76.587954,
                            25.430819
                        ],
                        [
                            76.593945,
                            25.426607
                        ],
                        [
                            76.604016,
                            25.40043
                        ],
                        [
                            76.607492,
                            25.384108
                        ],
                        [
                            76.614529,
                            25.383442
                        ],
                        [
                            76.619844,
                            25.379233
                        ],
                        [
                            76.624137,
                            25.373856
                        ],
                        [
                            76.630465,
                            25.370232
                        ],
                        [
                            76.641278,
                            25.375443
                        ],
                        [
                            76.6486,
                            25.371514
                        ],
                        [
                            76.662497,
                            25.356546
                        ],
                        [
                            76.669827,
                            25.352616
                        ],
                        [
                            76.677773,
                            25.345126
                        ],
                        [
                            76.6861,
                            25.340583
                        ],
                        [
                            76.708263,
                            25.342706
                        ],
                        [
                            76.719607,
                            25.337539
                        ],
                        [
                            76.721902,
                            25.33396
                        ],
                        [
                            76.728177,
                            25.327072
                        ],
                        [
                            76.73884,
                            25.321612
                        ],
                        [
                            76.760854,
                            25.313653
                        ],
                        [
                            76.775192,
                            25.307266
                        ],
                        [
                            76.777927,
                            25.310978
                        ],
                        [
                            76.800409,
                            25.316883
                        ],
                        [
                            76.826942,
                            25.322101
                        ],
                        [
                            76.838675,
                            25.321885
                        ],
                        [
                            76.848186,
                            25.325572
                        ],
                        [
                            76.858972,
                            25.324742
                        ],
                        [
                            76.872238,
                            25.32019
                        ],
                        [
                            76.886833,
                            25.317881
                        ],
                        [
                            76.898486,
                            25.317426
                        ],
                        [
                            76.909914,
                            25.312874
                        ],
                        [
                            76.920644,
                            25.303998
                        ],
                        [
                            76.92825,
                            25.296408
                        ],
                        [
                            76.934491,
                            25.292312
                        ],
                        [
                            76.937909,
                            25.282485
                        ],
                        [
                            76.933973,
                            25.274176
                        ],
                        [
                            76.939218,
                            25.27093
                        ],
                        [
                            76.947109,
                            25.270377
                        ],
                        [
                            76.953689,
                            25.27154
                        ],
                        [
                            76.958008,
                            25.273561
                        ],
                        [
                            76.960586,
                            25.279605
                        ],
                        [
                            76.962009,
                            25.286439
                        ],
                        [
                            76.964073,
                            25.292179
                        ],
                        [
                            76.998057,
                            25.296809
                        ],
                        [
                            77.008775,
                            25.296805
                        ],
                        [
                            77.015504,
                            25.296513
                        ],
                        [
                            77.023021,
                            25.296545
                        ],
                        [
                            77.029615,
                            25.296082
                        ],
                        [
                            77.039572,
                            25.306847
                        ],
                        [
                            77.043509,
                            25.314331
                        ],
                        [
                            77.044809,
                            25.32002
                        ],
                        [
                            77.050261,
                            25.317413
                        ],
                        [
                            77.053637,
                            25.316055
                        ],
                        [
                            77.058486,
                            25.315649
                        ],
                        [
                            77.063727,
                            25.316884
                        ],
                        [
                            77.068962,
                            25.319105
                        ],
                        [
                            77.073361,
                            25.324624
                        ],
                        [
                            77.076956,
                            25.330789
                        ],
                        [
                            77.081004,
                            25.334638
                        ],
                        [
                            77.0886,
                            25.334742
                        ],
                        [
                            77.098172,
                            25.332217
                        ],
                        [
                            77.107316,
                            25.330056
                        ],
                        [
                            77.113695,
                            25.330219
                        ],
                        [
                            77.121353,
                            25.33
                        ],
                        [
                            77.126993,
                            25.32618
                        ],
                        [
                            77.134501,
                            25.320356
                        ],
                        [
                            77.141896,
                            25.319061
                        ],
                        [
                            77.154591,
                            25.310302
                        ],
                        [
                            77.159161,
                            25.30818
                        ],
                        [
                            77.167189,
                            25.308578
                        ],
                        [
                            77.173372,
                            25.310447
                        ],
                        [
                            77.179029,
                            25.310097
                        ],
                        [
                            77.187743,
                            25.308232
                        ],
                        [
                            77.196183,
                            25.306587
                        ],
                        [
                            77.203037,
                            25.305906
                        ],
                        [
                            77.210814,
                            25.30635
                        ],
                        [
                            77.206021,
                            25.313652
                        ],
                        [
                            77.204268,
                            25.319565
                        ],
                        [
                            77.203836,
                            25.325438
                        ],
                        [
                            77.210938,
                            25.32796
                        ],
                        [
                            77.216385,
                            25.328598
                        ],
                        [
                            77.218881,
                            25.326657
                        ],
                        [
                            77.215104,
                            25.323558
                        ],
                        [
                            77.216071,
                            25.319386
                        ],
                        [
                            77.220712,
                            25.31941
                        ],
                        [
                            77.22372,
                            25.326226
                        ],
                        [
                            77.223095,
                            25.332157
                        ],
                        [
                            77.222728,
                            25.344147
                        ],
                        [
                            77.226876,
                            25.355989
                        ],
                        [
                            77.226001,
                            25.368321
                        ],
                        [
                            77.231411,
                            25.374133
                        ],
                        [
                            77.240449,
                            25.379946
                        ],
                        [
                            77.249964,
                            25.384493
                        ],
                        [
                            77.255444,
                            25.389782
                        ],
                        [
                            77.265771,
                            25.394333
                        ],
                        [
                            77.278823,
                            25.406859
                        ],
                        [
                            77.288871,
                            25.418446
                        ],
                        [
                            77.301453,
                            25.426536
                        ],
                        [
                            77.31122,
                            25.431253
                        ],
                        [
                            77.32283,
                            25.42768
                        ],
                        [
                            77.335165,
                            25.423411
                        ],
                        [
                            77.343023,
                            25.419595
                        ],
                        [
                            77.349658,
                            25.417271
                        ],
                        [
                            77.360299,
                            25.418852
                        ],
                        [
                            77.367291,
                            25.407797
                        ],
                        [
                            77.363601,
                            25.404132
                        ],
                        [
                            77.359894,
                            25.398477
                        ],
                        [
                            77.355674,
                            25.393231
                        ],
                        [
                            77.352023,
                            25.387346
                        ],
                        [
                            77.350182,
                            25.382778
                        ],
                        [
                            77.350581,
                            25.378196
                        ],
                        [
                            77.350659,
                            25.374653
                        ],
                        [
                            77.354322,
                            25.370405
                        ],
                        [
                            77.35759,
                            25.367206
                        ],
                        [
                            77.35972,
                            25.364398
                        ],
                        [
                            77.361948,
                            25.362751
                        ],
                        [
                            77.361012,
                            25.359241
                        ],
                        [
                            77.34978,
                            25.332234
                        ],
                        [
                            77.342251,
                            25.320469
                        ],
                        [
                            77.355194,
                            25.319015
                        ],
                        [
                            77.359041,
                            25.327225
                        ],
                        [
                            77.369628,
                            25.327873
                        ],
                        [
                            77.371666,
                            25.323376
                        ],
                        [
                            77.374814,
                            25.319528
                        ],
                        [
                            77.377657,
                            25.315099
                        ],
                        [
                            77.379511,
                            25.310366
                        ],
                        [
                            77.380488,
                            25.305441
                        ],
                        [
                            77.38065,
                            25.30073
                        ],
                        [
                            77.379637,
                            25.295072
                        ],
                        [
                            77.379221,
                            25.29425
                        ],
                        [
                            77.378441,
                            25.28918
                        ],
                        [
                            77.375306,
                            25.283422
                        ],
                        [
                            77.372542,
                            25.280291
                        ],
                        [
                            77.368885,
                            25.278661
                        ],
                        [
                            77.365821,
                            25.275118
                        ],
                        [
                            77.355462,
                            25.266674
                        ],
                        [
                            77.362485,
                            25.260696
                        ],
                        [
                            77.366087,
                            25.255756
                        ],
                        [
                            77.367823,
                            25.250844
                        ],
                        [
                            77.368513,
                            25.24498
                        ],
                        [
                            77.376257,
                            25.245873
                        ],
                        [
                            77.381382,
                            25.243927
                        ],
                        [
                            77.385836,
                            25.240338
                        ],
                        [
                            77.397466,
                            25.226059
                        ],
                        [
                            77.406623,
                            25.22261
                        ],
                        [
                            77.412221,
                            25.221201
                        ],
                        [
                            77.415319,
                            25.207351
                        ],
                        [
                            77.417139,
                            25.201509
                        ],
                        [
                            77.419536,
                            25.19446
                        ],
                        [
                            77.423798,
                            25.187955
                        ],
                        [
                            77.420546,
                            25.184358
                        ],
                        [
                            77.413458,
                            25.184988
                        ],
                        [
                            77.408826,
                            25.181479
                        ],
                        [
                            77.396458,
                            25.183129
                        ],
                        [
                            77.397069,
                            25.174591
                        ],
                        [
                            77.397043,
                            25.169644
                        ],
                        [
                            77.395358,
                            25.163332
                        ],
                        [
                            77.394902,
                            25.15489
                        ],
                        [
                            77.39502,
                            25.145996
                        ],
                        [
                            77.393095,
                            25.133053
                        ],
                        [
                            77.392633,
                            25.127928
                        ],
                        [
                            77.394315,
                            25.122202
                        ],
                        [
                            77.399585,
                            25.118279
                        ],
                        [
                            77.403798,
                            25.111377
                        ],
                        [
                            77.404236,
                            25.10824
                        ],
                        [
                            77.401255,
                            25.106973
                        ],
                        [
                            77.398873,
                            25.110245
                        ],
                        [
                            77.397955,
                            25.112382
                        ],
                        [
                            77.392361,
                            25.11693
                        ],
                        [
                            77.38082,
                            25.111789
                        ],
                        [
                            77.374047,
                            25.109108
                        ],
                        [
                            77.37417,
                            25.103475
                        ],
                        [
                            77.366428,
                            25.099329
                        ],
                        [
                            77.362787,
                            25.09653
                        ],
                        [
                            77.354295,
                            25.092776
                        ],
                        [
                            77.338043,
                            25.091558
                        ],
                        [
                            77.333607,
                            25.088395
                        ],
                        [
                            77.325966,
                            25.085705
                        ],
                        [
                            77.319457,
                            25.082561
                        ],
                        [
                            77.315414,
                            25.081388
                        ],
                        [
                            77.312553,
                            25.080749
                        ],
                        [
                            77.308394,
                            25.078872
                        ],
                        [
                            77.3015,
                            25.082099
                        ],
                        [
                            77.296903,
                            25.089107
                        ],
                        [
                            77.289988,
                            25.099213
                        ],
                        [
                            77.281109,
                            25.10712
                        ],
                        [
                            77.267786,
                            25.114249
                        ],
                        [
                            77.247156,
                            25.107722
                        ],
                        [
                            77.226306,
                            25.105245
                        ],
                        [
                            77.211261,
                            25.107433
                        ],
                        [
                            77.202818,
                            25.111677
                        ],
                        [
                            77.194199,
                            25.10683
                        ],
                        [
                            77.188483,
                            25.106818
                        ],
                        [
                            77.174996,
                            25.108739
                        ],
                        [
                            77.168235,
                            25.104741
                        ],
                        [
                            77.16997,
                            25.093595
                        ],
                        [
                            77.163086,
                            25.083313
                        ],
                        [
                            77.145811,
                            25.085939
                        ],
                        [
                            77.145509,
                            25.091235
                        ],
                        [
                            77.13359,
                            25.08409
                        ],
                        [
                            77.119764,
                            25.064145
                        ],
                        [
                            77.107775,
                            25.064292
                        ],
                        [
                            77.095686,
                            25.061423
                        ],
                        [
                            77.089518,
                            25.057707
                        ],
                        [
                            77.082466,
                            25.053062
                        ],
                        [
                            77.073249,
                            25.054757
                        ],
                        [
                            77.066558,
                            25.05646
                        ],
                        [
                            77.060157,
                            25.05833
                        ],
                        [
                            77.049532,
                            25.060844
                        ],
                        [
                            77.044484,
                            25.063188
                        ],
                        [
                            77.034517,
                            25.066986
                        ],
                        [
                            77.029889,
                            25.066874
                        ],
                        [
                            77.025555,
                            25.066515
                        ],
                        [
                            77.022826,
                            25.067245
                        ],
                        [
                            77.017521,
                            25.069986
                        ],
                        [
                            77.011099,
                            25.073649
                        ],
                        [
                            77.00544,
                            25.07481
                        ],
                        [
                            76.998876,
                            25.07503
                        ],
                        [
                            76.988793,
                            25.07265
                        ],
                        [
                            76.979778,
                            25.065764
                        ],
                        [
                            76.976944,
                            25.061931
                        ],
                        [
                            76.976351,
                            25.055674
                        ],
                        [
                            76.973741,
                            25.051039
                        ],
                        [
                            76.966374,
                            25.049104
                        ],
                        [
                            76.958562,
                            25.043571
                        ],
                        [
                            76.934907,
                            25.0367
                        ],
                        [
                            76.922683,
                            25.035147
                        ],
                        [
                            76.914755,
                            25.030797
                        ],
                        [
                            76.906044,
                            25.029175
                        ],
                        [
                            76.88699,
                            25.029237
                        ],
                        [
                            76.883216,
                            25.020977
                        ],
                        [
                            76.881651,
                            25.015084
                        ],
                        [
                            76.881725,
                            25.011209
                        ],
                        [
                            76.879407,
                            25.008259
                        ],
                        [
                            76.874229,
                            25.006253
                        ],
                        [
                            76.865452,
                            25.005548
                        ],
                        [
                            76.859227,
                            25.005461
                        ],
                        [
                            76.864408,
                            25.002067
                        ],
                        [
                            76.87295,
                            24.996529
                        ],
                        [
                            76.87454,
                            24.987055
                        ],
                        [
                            76.871311,
                            24.966959
                        ],
                        [
                            76.87213,
                            24.96061
                        ],
                        [
                            76.876417,
                            24.956487
                        ],
                        [
                            76.878226,
                            24.952743
                        ],
                        [
                            76.876919,
                            24.949779
                        ],
                        [
                            76.884555,
                            24.940939
                        ],
                        [
                            76.898092,
                            24.9306
                        ],
                        [
                            76.897323,
                            24.924273
                        ],
                        [
                            76.894997,
                            24.918245
                        ],
                        [
                            76.896071,
                            24.914861
                        ],
                        [
                            76.912276,
                            24.918437
                        ],
                        [
                            76.925745,
                            24.911953
                        ],
                        [
                            76.928411,
                            24.909432
                        ],
                        [
                            76.929504,
                            24.905545
                        ],
                        [
                            76.925184,
                            24.900067
                        ],
                        [
                            76.920613,
                            24.896362
                        ],
                        [
                            76.917537,
                            24.892428
                        ],
                        [
                            76.916992,
                            24.88832
                        ],
                        [
                            76.918686,
                            24.88307
                        ],
                        [
                            76.922361,
                            24.879985
                        ],
                        [
                            76.926607,
                            24.878909
                        ],
                        [
                            76.938834,
                            24.879465
                        ],
                        [
                            76.94059,
                            24.873884
                        ],
                        [
                            76.946726,
                            24.869894
                        ],
                        [
                            76.951581,
                            24.86938
                        ],
                        [
                            76.953805,
                            24.868063
                        ],
                        [
                            76.951502,
                            24.863455
                        ],
                        [
                            76.949128,
                            24.860659
                        ],
                        [
                            76.947967,
                            24.855251
                        ],
                        [
                            76.931329,
                            24.844985
                        ],
                        [
                            76.919859,
                            24.843898
                        ],
                        [
                            76.91634,
                            24.842806
                        ],
                        [
                            76.913209,
                            24.840298
                        ],
                        [
                            76.899799,
                            24.834744
                        ],
                        [
                            76.882837,
                            24.834773
                        ],
                        [
                            76.86805,
                            24.836916
                        ],
                        [
                            76.856013,
                            24.835465
                        ],
                        [
                            76.84686,
                            24.835334
                        ],
                        [
                            76.842177,
                            24.836301
                        ],
                        [
                            76.836323,
                            24.835489
                        ],
                        [
                            76.831795,
                            24.833595
                        ],
                        [
                            76.827737,
                            24.830098
                        ],
                        [
                            76.821381,
                            24.827748
                        ],
                        [
                            76.815808,
                            24.823496
                        ],
                        [
                            76.806911,
                            24.821825
                        ],
                        [
                            76.805286,
                            24.819818
                        ],
                        [
                            76.806183,
                            24.815094
                        ],
                        [
                            76.808707,
                            24.811861
                        ],
                        [
                            76.813303,
                            24.810238
                        ],
                        [
                            76.820321,
                            24.798929
                        ],
                        [
                            76.830414,
                            24.788645
                        ],
                        [
                            76.840497,
                            24.780331
                        ],
                        [
                            76.851354,
                            24.765263
                        ],
                        [
                            76.851632,
                            24.760314
                        ],
                        [
                            76.849618,
                            24.747414
                        ],
                        [
                            76.851887,
                            24.745683
                        ],
                        [
                            76.865462,
                            24.743971
                        ],
                        [
                            76.872752,
                            24.744851
                        ],
                        [
                            76.891347,
                            24.749419
                        ],
                        [
                            76.901598,
                            24.745861
                        ],
                        [
                            76.90299,
                            24.743032
                        ],
                        [
                            76.907943,
                            24.741308
                        ],
                        [
                            76.914076,
                            24.742073
                        ],
                        [
                            76.926406,
                            24.744089
                        ],
                        [
                            76.950537,
                            24.759291
                        ],
                        [
                            76.956515,
                            24.760694
                        ],
                        [
                            76.96108,
                            24.759552
                        ],
                        [
                            76.968079,
                            24.754789
                        ],
                        [
                            76.968595,
                            24.745702
                        ],
                        [
                            76.970094,
                            24.73935
                        ],
                        [
                            76.973252,
                            24.731345
                        ],
                        [
                            76.976744,
                            24.726917
                        ],
                        [
                            76.987085,
                            24.720122
                        ],
                        [
                            76.996908,
                            24.712647
                        ],
                        [
                            77.009016,
                            24.708911
                        ],
                        [
                            77.018883,
                            24.710668
                        ],
                        [
                            77.024063,
                            24.710199
                        ],
                        [
                            77.027462,
                            24.708964
                        ],
                        [
                            77.031481,
                            24.706163
                        ],
                        [
                            77.038285,
                            24.698201
                        ],
                        [
                            77.039313,
                            24.69372
                        ],
                        [
                            77.039725,
                            24.683821
                        ],
                        [
                            77.041816,
                            24.678002
                        ],
                        [
                            77.053732,
                            24.656577
                        ],
                        [
                            77.058948,
                            24.649382
                        ],
                        [
                            77.064255,
                            24.637696
                        ],
                        [
                            77.06508,
                            24.632987
                        ],
                        [
                            77.065906,
                            24.619875
                        ],
                        [
                            77.065889,
                            24.605807
                        ],
                        [
                            77.065113,
                            24.601388
                        ],
                        [
                            77.063092,
                            24.596493
                        ],
                        [
                            77.063197,
                            24.590113
                        ],
                        [
                            77.068285,
                            24.580639
                        ],
                        [
                            77.069429,
                            24.565226
                        ],
                        [
                            77.069047,
                            24.559437
                        ],
                        [
                            77.066241,
                            24.550105
                        ],
                        [
                            77.058085,
                            24.539496
                        ],
                        [
                            77.056646,
                            24.536586
                        ],
                        [
                            77.055605,
                            24.532479
                        ],
                        [
                            77.054974,
                            24.521874
                        ],
                        [
                            77.043712,
                            24.521971
                        ],
                        [
                            77.036588,
                            24.52413
                        ],
                        [
                            77.034621,
                            24.522407
                        ],
                        [
                            77.033741,
                            24.519109
                        ],
                        [
                            77.031334,
                            24.516755
                        ],
                        [
                            77.029396,
                            24.512398
                        ],
                        [
                            77.028663,
                            24.496684
                        ],
                        [
                            77.025271,
                            24.493294
                        ],
                        [
                            77.020475,
                            24.490265
                        ],
                        [
                            77.016919,
                            24.489736
                        ],
                        [
                            77.013263,
                            24.490307
                        ],
                        [
                            77.010573,
                            24.489309
                        ],
                        [
                            77.009311,
                            24.487323
                        ],
                        [
                            77.009532,
                            24.48476
                        ],
                        [
                            77.011454,
                            24.482916
                        ],
                        [
                            77.007122,
                            24.478876
                        ],
                        [
                            77.00609,
                            24.47327
                        ],
                        [
                            77.002739,
                            24.470856
                        ],
                        [
                            76.99705,
                            24.468839
                        ],
                        [
                            76.98417,
                            24.470013
                        ],
                        [
                            76.982058,
                            24.467365
                        ],
                        [
                            76.979464,
                            24.460314
                        ],
                        [
                            76.969796,
                            24.456249
                        ],
                        [
                            76.964636,
                            24.45562
                        ],
                        [
                            76.957335,
                            24.459323
                        ],
                        [
                            76.945543,
                            24.462742
                        ],
                        [
                            76.94155,
                            24.467781
                        ],
                        [
                            76.935301,
                            24.472089
                        ],
                        [
                            76.927333,
                            24.476038
                        ],
                        [
                            76.919084,
                            24.483045
                        ],
                        [
                            76.919727,
                            24.506781
                        ],
                        [
                            76.921806,
                            24.512341
                        ],
                        [
                            76.923396,
                            24.519764
                        ],
                        [
                            76.923288,
                            24.525345
                        ],
                        [
                            76.922864,
                            24.530969
                        ],
                        [
                            76.920178,
                            24.535736
                        ],
                        [
                            76.917363,
                            24.538934
                        ],
                        [
                            76.906882,
                            24.542882
                        ],
                        [
                            76.904302,
                            24.543173
                        ],
                        [
                            76.902239,
                            24.539061
                        ],
                        [
                            76.897339,
                            24.535055
                        ],
                        [
                            76.898042,
                            24.530832
                        ],
                        [
                            76.893399,
                            24.522137
                        ],
                        [
                            76.883981,
                            24.520689
                        ],
                        [
                            76.880149,
                            24.521558
                        ],
                        [
                            76.877317,
                            24.527416
                        ],
                        [
                            76.87919,
                            24.535816
                        ],
                        [
                            76.878553,
                            24.538421
                        ],
                        [
                            76.876405,
                            24.54126
                        ],
                        [
                            76.870624,
                            24.544735
                        ],
                        [
                            76.857222,
                            24.546398
                        ],
                        [
                            76.850442,
                            24.546393
                        ],
                        [
                            76.842585,
                            24.543845
                        ],
                        [
                            76.835495,
                            24.538576
                        ],
                        [
                            76.831108,
                            24.534174
                        ],
                        [
                            76.82336,
                            24.531951
                        ],
                        [
                            76.818926,
                            24.529764
                        ],
                        [
                            76.818496,
                            24.527685
                        ],
                        [
                            76.818753,
                            24.52504
                        ],
                        [
                            76.823548,
                            24.520014
                        ],
                        [
                            76.832438,
                            24.505765
                        ],
                        [
                            76.838884,
                            24.493708
                        ],
                        [
                            76.839654,
                            24.489791
                        ],
                        [
                            76.846668,
                            24.48914
                        ],
                        [
                            76.849621,
                            24.486309
                        ],
                        [
                            76.851134,
                            24.48296
                        ],
                        [
                            76.850629,
                            24.470872
                        ],
                        [
                            76.854898,
                            24.469366
                        ],
                        [
                            76.855665,
                            24.464528
                        ],
                        [
                            76.853307,
                            24.459804
                        ],
                        [
                            76.852778,
                            24.454165
                        ],
                        [
                            76.850238,
                            24.4487
                        ],
                        [
                            76.842914,
                            24.449589
                        ],
                        [
                            76.842181,
                            24.446025
                        ],
                        [
                            76.845463,
                            24.438248
                        ],
                        [
                            76.85495,
                            24.432789
                        ],
                        [
                            76.85539,
                            24.430823
                        ],
                        [
                            76.85356,
                            24.420691
                        ],
                        [
                            76.850294,
                            24.414785
                        ],
                        [
                            76.846525,
                            24.413637
                        ],
                        [
                            76.841951,
                            24.413529
                        ],
                        [
                            76.840139,
                            24.41202
                        ],
                        [
                            76.84665,
                            24.403966
                        ],
                        [
                            76.852584,
                            24.391725
                        ],
                        [
                            76.854384,
                            24.384423
                        ],
                        [
                            76.852233,
                            24.374289
                        ],
                        [
                            76.856545,
                            24.370332
                        ],
                        [
                            76.855914,
                            24.365705
                        ],
                        [
                            76.853281,
                            24.363682
                        ],
                        [
                            76.843068,
                            24.360178
                        ],
                        [
                            76.841177,
                            24.35619
                        ],
                        [
                            76.842411,
                            24.350445
                        ],
                        [
                            76.843065,
                            24.3381
                        ],
                        [
                            76.844369,
                            24.33421
                        ],
                        [
                            76.849092,
                            24.323469
                        ],
                        [
                            76.86297,
                            24.307807
                        ],
                        [
                            76.863992,
                            24.300784
                        ],
                        [
                            76.866832,
                            24.294328
                        ],
                        [
                            76.867986,
                            24.289325
                        ],
                        [
                            76.867776,
                            24.285263
                        ],
                        [
                            76.871217,
                            24.276357
                        ],
                        [
                            76.874119,
                            24.272097
                        ],
                        [
                            76.878389,
                            24.266609
                        ],
                        [
                            76.901541,
                            24.242612
                        ],
                        [
                            76.908075,
                            24.237208
                        ],
                        [
                            76.915379,
                            24.233136
                        ],
                        [
                            76.920657,
                            24.227497
                        ],
                        [
                            76.922755,
                            24.221937
                        ],
                        [
                            76.923472,
                            24.216211
                        ],
                        [
                            76.926768,
                            24.21233
                        ],
                        [
                            76.932441,
                            24.209079
                        ],
                        [
                            76.935866,
                            24.205083
                        ],
                        [
                            76.941049,
                            24.205327
                        ],
                        [
                            76.946762,
                            24.203884
                        ],
                        [
                            76.948651,
                            24.201829
                        ],
                        [
                            76.949038,
                            24.198845
                        ],
                        [
                            76.948066,
                            24.1944
                        ],
                        [
                            76.937347,
                            24.182418
                        ],
                        [
                            76.931407,
                            24.182214
                        ],
                        [
                            76.920276,
                            24.184278
                        ],
                        [
                            76.91902,
                            24.178929
                        ],
                        [
                            76.915347,
                            24.172458
                        ],
                        [
                            76.909904,
                            24.148762
                        ],
                        [
                            76.904026,
                            24.126702
                        ],
                        [
                            76.890313,
                            24.127341
                        ],
                        [
                            76.881632,
                            24.130527
                        ],
                        [
                            76.880623,
                            24.133967
                        ],
                        [
                            76.877375,
                            24.13538
                        ],
                        [
                            76.870331,
                            24.134425
                        ],
                        [
                            76.860015,
                            24.13454
                        ],
                        [
                            76.850087,
                            24.131739
                        ],
                        [
                            76.846324,
                            24.127871
                        ],
                        [
                            76.839456,
                            24.126857
                        ],
                        [
                            76.831699,
                            24.121196
                        ],
                        [
                            76.825783,
                            24.122276
                        ],
                        [
                            76.818621,
                            24.122118
                        ],
                        [
                            76.805041,
                            24.115955
                        ],
                        [
                            76.801136,
                            24.117435
                        ],
                        [
                            76.794853,
                            24.121377
                        ],
                        [
                            76.779553,
                            24.148688
                        ],
                        [
                            76.777004,
                            24.154387
                        ],
                        [
                            76.772778,
                            24.16028
                        ],
                        [
                            76.766528,
                            24.159808
                        ],
                        [
                            76.76339,
                            24.161462
                        ],
                        [
                            76.761235,
                            24.165304
                        ],
                        [
                            76.758899,
                            24.167695
                        ],
                        [
                            76.753265,
                            24.168147
                        ],
                        [
                            76.739754,
                            24.167444
                        ],
                        [
                            76.733237,
                            24.16617
                        ],
                        [
                            76.730688,
                            24.160693
                        ],
                        [
                            76.724549,
                            24.157329
                        ],
                        [
                            76.71853,
                            24.159805
                        ],
                        [
                            76.716302,
                            24.162244
                        ],
                        [
                            76.704955,
                            24.167058
                        ],
                        [
                            76.698993,
                            24.171609
                        ],
                        [
                            76.693163,
                            24.179322
                        ],
                        [
                            76.688187,
                            24.184256
                        ],
                        [
                            76.677995,
                            24.189044
                        ],
                        [
                            76.680576,
                            24.206136
                        ],
                        [
                            76.688721,
                            24.220425
                        ],
                        [
                            76.691632,
                            24.228036
                        ],
                        [
                            76.699106,
                            24.237648
                        ],
                        [
                            76.702649,
                            24.240699
                        ],
                        [
                            76.706378,
                            24.244375
                        ],
                        [
                            76.705267,
                            24.249931
                        ],
                        [
                            76.703576,
                            24.253411
                        ],
                        [
                            76.700524,
                            24.25677
                        ],
                        [
                            76.698705,
                            24.263369
                        ],
                        [
                            76.697211,
                            24.269612
                        ],
                        [
                            76.698811,
                            24.27787
                        ],
                        [
                            76.69688,
                            24.280594
                        ],
                        [
                            76.688652,
                            24.278254
                        ],
                        [
                            76.682613,
                            24.266205
                        ],
                        [
                            76.674699,
                            24.266575
                        ],
                        [
                            76.672155,
                            24.262949
                        ],
                        [
                            76.662053,
                            24.263381
                        ],
                        [
                            76.651068,
                            24.267985
                        ],
                        [
                            76.646277,
                            24.265688
                        ],
                        [
                            76.646035,
                            24.261819
                        ],
                        [
                            76.643866,
                            24.257901
                        ],
                        [
                            76.638617,
                            24.259644
                        ],
                        [
                            76.633875,
                            24.260298
                        ],
                        [
                            76.627146,
                            24.260201
                        ],
                        [
                            76.620111,
                            24.258435
                        ],
                        [
                            76.617685,
                            24.237783
                        ],
                        [
                            76.614197,
                            24.237099
                        ],
                        [
                            76.604213,
                            24.24059
                        ],
                        [
                            76.59696,
                            24.246491
                        ],
                        [
                            76.591728,
                            24.245173
                        ],
                        [
                            76.591183,
                            24.241663
                        ],
                        [
                            76.600377,
                            24.230898
                        ],
                        [
                            76.601083,
                            24.225532
                        ],
                        [
                            76.59625,
                            24.219493
                        ],
                        [
                            76.589536,
                            24.215183
                        ],
                        [
                            76.575121,
                            24.209108
                        ],
                        [
                            76.570906,
                            24.202545
                        ],
                        [
                            76.569384,
                            24.196439
                        ],
                        [
                            76.570573,
                            24.192795
                        ],
                        [
                            76.573443,
                            24.191928
                        ],
                        [
                            76.580624,
                            24.186946
                        ],
                        [
                            76.58335,
                            24.176327
                        ],
                        [
                            76.576268,
                            24.172943
                        ],
                        [
                            76.569927,
                            24.172101
                        ],
                        [
                            76.566088,
                            24.168075
                        ],
                        [
                            76.558328,
                            24.163885
                        ],
                        [
                            76.549518,
                            24.163674
                        ],
                        [
                            76.543413,
                            24.162415
                        ],
                        [
                            76.539311,
                            24.159882
                        ],
                        [
                            76.534954,
                            24.159139
                        ],
                        [
                            76.526719,
                            24.158854
                        ],
                        [
                            76.52089,
                            24.162259
                        ],
                        [
                            76.516848,
                            24.168537
                        ],
                        [
                            76.513993,
                            24.174701
                        ],
                        [
                            76.5119,
                            24.195888
                        ],
                        [
                            76.508924,
                            24.201135
                        ],
                        [
                            76.505335,
                            24.204701
                        ],
                        [
                            76.500445,
                            24.207696
                        ],
                        [
                            76.487927,
                            24.210704
                        ],
                        [
                            76.482918,
                            24.213177
                        ],
                        [
                            76.478079,
                            24.224348
                        ],
                        [
                            76.473442,
                            24.227056
                        ],
                        [
                            76.466905,
                            24.224582
                        ],
                        [
                            76.464502,
                            24.221077
                        ],
                        [
                            76.462093,
                            24.216529
                        ],
                        [
                            76.4567,
                            24.212492
                        ],
                        [
                            76.450881,
                            24.213415
                        ],
                        [
                            76.445288,
                            24.217562
                        ],
                        [
                            76.439457,
                            24.220678
                        ],
                        [
                            76.432886,
                            24.222743
                        ],
                        [
                            76.42702,
                            24.222632
                        ],
                        [
                            76.421545,
                            24.220048
                        ],
                        [
                            76.425142,
                            24.216353
                        ],
                        [
                            76.425944,
                            24.209902
                        ],
                        [
                            76.422116,
                            24.204033
                        ],
                        [
                            76.417816,
                            24.203111
                        ],
                        [
                            76.41517,
                            24.205246
                        ],
                        [
                            76.403455,
                            24.218485
                        ],
                        [
                            76.39462,
                            24.221306
                        ],
                        [
                            76.376848,
                            24.233393
                        ],
                        [
                            76.368509,
                            24.237012
                        ],
                        [
                            76.364542,
                            24.240186
                        ],
                        [
                            76.361617,
                            24.241763
                        ],
                        [
                            76.356327,
                            24.244611
                        ],
                        [
                            76.347492,
                            24.247604
                        ],
                        [
                            76.338293,
                            24.24967
                        ],
                        [
                            76.330177,
                            24.249324
                        ],
                        [
                            76.321138,
                            24.246835
                        ],
                        [
                            76.313376,
                            24.242105
                        ],
                        [
                            76.306096,
                            24.240148
                        ],
                        [
                            76.297134,
                            24.236397
                        ],
                        [
                            76.292853,
                            24.232764
                        ],
                        [
                            76.292032,
                            24.221305
                        ],
                        [
                            76.290346,
                            24.21399
                        ],
                        [
                            76.285936,
                            24.211456
                        ],
                        [
                            76.27956,
                            24.212253
                        ],
                        [
                            76.268524,
                            24.217305
                        ],
                        [
                            76.254942,
                            24.220576
                        ],
                        [
                            76.250794,
                            24.223674
                        ],
                        [
                            76.243564,
                            24.221938
                        ],
                        [
                            76.239216,
                            24.219637
                        ],
                        [
                            76.226419,
                            24.219037
                        ],
                        [
                            76.221294,
                            24.213156
                        ],
                        [
                            76.218627,
                            24.212586
                        ],
                        [
                            76.213624,
                            24.218619
                        ],
                        [
                            76.20928,
                            24.22852
                        ],
                        [
                            76.208561,
                            24.237617
                        ],
                        [
                            76.206722,
                            24.246358
                        ],
                        [
                            76.207472,
                            24.26479
                        ],
                        [
                            76.205275,
                            24.272504
                        ],
                        [
                            76.197755,
                            24.280553
                        ],
                        [
                            76.198705,
                            24.28585
                        ],
                        [
                            76.202191,
                            24.29305
                        ],
                        [
                            76.208108,
                            24.301466
                        ],
                        [
                            76.209365,
                            24.306658
                        ],
                        [
                            76.205653,
                            24.308894
                        ],
                        [
                            76.197141,
                            24.316601
                        ],
                        [
                            76.193171,
                            24.325685
                        ],
                        [
                            76.188606,
                            24.327255
                        ],
                        [
                            76.184227,
                            24.320629
                        ],
                        [
                            76.175201,
                            24.311338
                        ],
                        [
                            76.174442,
                            24.306092
                        ],
                        [
                            76.17566,
                            24.302979
                        ],
                        [
                            76.173076,
                            24.299175
                        ],
                        [
                            76.172291,
                            24.291855
                        ],
                        [
                            76.165756,
                            24.289129
                        ],
                        [
                            76.152535,
                            24.288008
                        ],
                        [
                            76.149675,
                            24.286101
                        ],
                        [
                            76.146001,
                            24.281076
                        ],
                        [
                            76.145233,
                            24.276928
                        ],
                        [
                            76.148525,
                            24.261553
                        ],
                        [
                            76.151348,
                            24.259825
                        ],
                        [
                            76.152752,
                            24.256772
                        ],
                        [
                            76.157432,
                            24.23956
                        ],
                        [
                            76.155326,
                            24.23126
                        ],
                        [
                            76.149994,
                            24.223582
                        ],
                        [
                            76.144745,
                            24.219648
                        ],
                        [
                            76.134457,
                            24.208271
                        ],
                        [
                            76.126247,
                            24.20122
                        ],
                        [
                            76.124184,
                            24.192227
                        ],
                        [
                            76.123701,
                            24.179436
                        ],
                        [
                            76.122803,
                            24.175982
                        ],
                        [
                            76.123453,
                            24.17408
                        ],
                        [
                            76.128301,
                            24.173981
                        ],
                        [
                            76.131753,
                            24.170701
                        ],
                        [
                            76.133747,
                            24.164888
                        ],
                        [
                            76.133288,
                            24.149518
                        ],
                        [
                            76.134563,
                            24.139787
                        ],
                        [
                            76.137273,
                            24.13519
                        ],
                        [
                            76.139715,
                            24.127191
                        ],
                        [
                            76.13354,
                            24.11877
                        ],
                        [
                            76.132033,
                            24.114796
                        ],
                        [
                            76.132843,
                            24.108006
                        ],
                        [
                            76.134077,
                            24.102487
                        ],
                        [
                            76.137492,
                            24.095595
                        ],
                        [
                            76.137474,
                            24.091161
                        ],
                        [
                            76.126052,
                            24.088209
                        ],
                        [
                            76.115189,
                            24.09239
                        ],
                        [
                            76.111345,
                            24.093007
                        ],
                        [
                            76.107896,
                            24.091798
                        ],
                        [
                            76.101706,
                            24.085079
                        ],
                        [
                            76.093512,
                            24.08164
                        ],
                        [
                            76.087231,
                            24.078053
                        ],
                        [
                            76.082928,
                            24.079896
                        ],
                        [
                            76.06637,
                            24.073828
                        ],
                        [
                            76.060121,
                            24.073759
                        ],
                        [
                            76.049568,
                            24.0716
                        ],
                        [
                            76.045953,
                            24.069892
                        ],
                        [
                            76.042552,
                            24.062849
                        ],
                        [
                            76.035581,
                            24.060154
                        ],
                        [
                            76.029268,
                            24.046405
                        ],
                        [
                            76.020458,
                            24.040523
                        ],
                        [
                            76.011441,
                            24.036262
                        ],
                        [
                            76.004621,
                            24.031202
                        ],
                        [
                            76.002762,
                            24.031453
                        ],
                        [
                            75.996977,
                            24.02788
                        ],
                        [
                            75.992545,
                            24.026048
                        ],
                        [
                            75.982193,
                            24.027033
                        ],
                        [
                            75.982036,
                            24.02807
                        ],
                        [
                            75.975802,
                            24.027427
                        ],
                        [
                            75.962577,
                            24.021368
                        ],
                        [
                            75.961471,
                            24.005977
                        ],
                        [
                            75.963291,
                            24.000279
                        ],
                        [
                            75.962606,
                            23.993469
                        ],
                        [
                            75.96368,
                            23.990857
                        ],
                        [
                            75.965895,
                            23.987671
                        ],
                        [
                            75.97913,
                            23.977961
                        ],
                        [
                            75.980602,
                            23.976074
                        ],
                        [
                            75.982571,
                            23.970391
                        ],
                        [
                            75.982562,
                            23.964768
                        ],
                        [
                            75.983599,
                            23.95843
                        ],
                        [
                            75.98217,
                            23.94818
                        ],
                        [
                            75.983265,
                            23.939042
                        ],
                        [
                            75.978328,
                            23.935014
                        ],
                        [
                            75.978148,
                            23.92897
                        ],
                        [
                            75.97641,
                            23.927566
                        ],
                        [
                            75.968824,
                            23.925901
                        ],
                        [
                            75.950507,
                            23.918313
                        ],
                        [
                            75.948847,
                            23.916763
                        ],
                        [
                            75.94658,
                            23.912277
                        ],
                        [
                            75.940329,
                            23.908269
                        ],
                        [
                            75.934012,
                            23.898
                        ],
                        [
                            75.929164,
                            23.897957
                        ],
                        [
                            75.92341,
                            23.900236
                        ],
                        [
                            75.90761,
                            23.89215
                        ],
                        [
                            75.903399,
                            23.891107
                        ],
                        [
                            75.898686,
                            23.88879
                        ],
                        [
                            75.896061,
                            23.889174
                        ],
                        [
                            75.890911,
                            23.887817
                        ],
                        [
                            75.888452,
                            23.884695
                        ],
                        [
                            75.880713,
                            23.880661
                        ],
                        [
                            75.874448,
                            23.884293
                        ],
                        [
                            75.86917,
                            23.8901
                        ],
                        [
                            75.865603,
                            23.891505
                        ],
                        [
                            75.862736,
                            23.891704
                        ],
                        [
                            75.858651,
                            23.89012
                        ],
                        [
                            75.855466,
                            23.890315
                        ],
                        [
                            75.843445,
                            23.88457
                        ],
                        [
                            75.84176,
                            23.878694
                        ],
                        [
                            75.839032,
                            23.87746
                        ],
                        [
                            75.832404,
                            23.8809
                        ],
                        [
                            75.819818,
                            23.875506
                        ],
                        [
                            75.815882,
                            23.870417
                        ],
                        [
                            75.804586,
                            23.867268
                        ],
                        [
                            75.796141,
                            23.870466
                        ],
                        [
                            75.792928,
                            23.868316
                        ],
                        [
                            75.787029,
                            23.861542
                        ],
                        [
                            75.786954,
                            23.855979
                        ],
                        [
                            75.78573,
                            23.853903
                        ],
                        [
                            75.781786,
                            23.850876
                        ],
                        [
                            75.778931,
                            23.850051
                        ],
                        [
                            75.771457,
                            23.850621
                        ],
                        [
                            75.76346,
                            23.853081
                        ],
                        [
                            75.761781,
                            23.858173
                        ],
                        [
                            75.76102,
                            23.877509
                        ],
                        [
                            75.758998,
                            23.880359
                        ],
                        [
                            75.751587,
                            23.886205
                        ],
                        [
                            75.74189,
                            23.890418
                        ],
                        [
                            75.738277,
                            23.89028
                        ],
                        [
                            75.736039,
                            23.895709
                        ],
                        [
                            75.733145,
                            23.897692
                        ],
                        [
                            75.730029,
                            23.898294
                        ],
                        [
                            75.724626,
                            23.896819
                        ],
                        [
                            75.717263,
                            23.897724
                        ],
                        [
                            75.714793,
                            23.896157
                        ],
                        [
                            75.712365,
                            23.896601
                        ],
                        [
                            75.708845,
                            23.899093
                        ],
                        [
                            75.704097,
                            23.900252
                        ],
                        [
                            75.702625,
                            23.897491
                        ],
                        [
                            75.702704,
                            23.891125
                        ],
                        [
                            75.700379,
                            23.887443
                        ],
                        [
                            75.699486,
                            23.883931
                        ],
                        [
                            75.699853,
                            23.873328
                        ],
                        [
                            75.703053,
                            23.871174
                        ],
                        [
                            75.705286,
                            23.871651
                        ],
                        [
                            75.706471,
                            23.870973
                        ],
                        [
                            75.708294,
                            23.864393
                        ],
                        [
                            75.719287,
                            23.860981
                        ],
                        [
                            75.729322,
                            23.860719
                        ],
                        [
                            75.730882,
                            23.854422
                        ],
                        [
                            75.729921,
                            23.851258
                        ],
                        [
                            75.728134,
                            23.849638
                        ],
                        [
                            75.725701,
                            23.844228
                        ],
                        [
                            75.722413,
                            23.842996
                        ],
                        [
                            75.719607,
                            23.843204
                        ],
                        [
                            75.717449,
                            23.841814
                        ],
                        [
                            75.719683,
                            23.836266
                        ],
                        [
                            75.720458,
                            23.828581
                        ],
                        [
                            75.723888,
                            23.823135
                        ],
                        [
                            75.722543,
                            23.819873
                        ],
                        [
                            75.718457,
                            23.818351
                        ],
                        [
                            75.71759,
                            23.817254
                        ],
                        [
                            75.719548,
                            23.815261
                        ],
                        [
                            75.71739,
                            23.8133
                        ],
                        [
                            75.714914,
                            23.812701
                        ],
                        [
                            75.710476,
                            23.814334
                        ],
                        [
                            75.704261,
                            23.81337
                        ],
                        [
                            75.691905,
                            23.815858
                        ],
                        [
                            75.689048,
                            23.81549
                        ],
                        [
                            75.688572,
                            23.81394
                        ],
                        [
                            75.689908,
                            23.810336
                        ],
                        [
                            75.695683,
                            23.800802
                        ],
                        [
                            75.696146,
                            23.793806
                        ],
                        [
                            75.70032,
                            23.788098
                        ],
                        [
                            75.699924,
                            23.784257
                        ],
                        [
                            75.698335,
                            23.781545
                        ],
                        [
                            75.691665,
                            23.772254
                        ],
                        [
                            75.688958,
                            23.769598
                        ],
                        [
                            75.68674,
                            23.762925
                        ],
                        [
                            75.686053,
                            23.756851
                        ],
                        [
                            75.680649,
                            23.765826
                        ],
                        [
                            75.677642,
                            23.778405
                        ],
                        [
                            75.675995,
                            23.780742
                        ],
                        [
                            75.672795,
                            23.783073
                        ],
                        [
                            75.669039,
                            23.784475
                        ],
                        [
                            75.664194,
                            23.784439
                        ],
                        [
                            75.660629,
                            23.785223
                        ],
                        [
                            75.658356,
                            23.78807
                        ],
                        [
                            75.653379,
                            23.798234
                        ],
                        [
                            75.650863,
                            23.795631
                        ],
                        [
                            75.645229,
                            23.798117
                        ],
                        [
                            75.642604,
                            23.798552
                        ],
                        [
                            75.638563,
                            23.798641
                        ],
                        [
                            75.627443,
                            23.796558
                        ],
                        [
                            75.625456,
                            23.796823
                        ],
                        [
                            75.618105,
                            23.80227
                        ],
                        [
                            75.613614,
                            23.802931
                        ],
                        [
                            75.609451,
                            23.801808
                        ],
                        [
                            75.607549,
                            23.799959
                        ],
                        [
                            75.593121,
                            23.798711
                        ],
                        [
                            75.583935,
                            23.796693
                        ],
                        [
                            75.584386,
                            23.800131
                        ],
                        [
                            75.586321,
                            23.805137
                        ],
                        [
                            75.585883,
                            23.810344
                        ],
                        [
                            75.584741,
                            23.811531
                        ],
                        [
                            75.5742,
                            23.813173
                        ],
                        [
                            75.567434,
                            23.812031
                        ],
                        [
                            75.563924,
                            23.813268
                        ],
                        [
                            75.559895,
                            23.816498
                        ],
                        [
                            75.557453,
                            23.822268
                        ],
                        [
                            75.558003,
                            23.827941
                        ],
                        [
                            75.561491,
                            23.833186
                        ],
                        [
                            75.562917,
                            23.833312
                        ],
                        [
                            75.570732,
                            23.830966
                        ],
                        [
                            75.573718,
                            23.831156
                        ],
                        [
                            75.576296,
                            23.834335
                        ],
                        [
                            75.577617,
                            23.837838
                        ],
                        [
                            75.577849,
                            23.839609
                        ],
                        [
                            75.574505,
                            23.842794
                        ],
                        [
                            75.568633,
                            23.843949
                        ],
                        [
                            75.566799,
                            23.846178
                        ],
                        [
                            75.56389,
                            23.854462
                        ],
                        [
                            75.562058,
                            23.856275
                        ],
                        [
                            75.558599,
                            23.859116
                        ],
                        [
                            75.553949,
                            23.861483
                        ],
                        [
                            75.539287,
                            23.873061
                        ],
                        [
                            75.53015,
                            23.876593
                        ],
                        [
                            75.518135,
                            23.885092
                        ],
                        [
                            75.508706,
                            23.886969
                        ],
                        [
                            75.505452,
                            23.888261
                        ],
                        [
                            75.501282,
                            23.893266
                        ],
                        [
                            75.500929,
                            23.896874
                        ],
                        [
                            75.488759,
                            23.907197
                        ],
                        [
                            75.478172,
                            23.911107
                        ],
                        [
                            75.462199,
                            23.913661
                        ],
                        [
                            75.457793,
                            23.917115
                        ],
                        [
                            75.457225,
                            23.921811
                        ],
                        [
                            75.457668,
                            23.928522
                        ],
                        [
                            75.458547,
                            23.934553
                        ],
                        [
                            75.46191,
                            23.943979
                        ],
                        [
                            75.463043,
                            23.94978
                        ],
                        [
                            75.463737,
                            23.964457
                        ],
                        [
                            75.466147,
                            23.97708
                        ],
                        [
                            75.468606,
                            23.980873
                        ],
                        [
                            75.471963,
                            23.98354
                        ],
                        [
                            75.48199,
                            23.988659
                        ],
                        [
                            75.487427,
                            23.994654
                        ],
                        [
                            75.490648,
                            23.996633
                        ],
                        [
                            75.493226,
                            24.000864
                        ],
                        [
                            75.515929,
                            24.045014
                        ],
                        [
                            75.533496,
                            24.027761
                        ],
                        [
                            75.54423,
                            24.021845
                        ],
                        [
                            75.554239,
                            24.018976
                        ],
                        [
                            75.562736,
                            24.019839
                        ],
                        [
                            75.568561,
                            24.018969
                        ],
                        [
                            75.573362,
                            24.013658
                        ],
                        [
                            75.570445,
                            24.000868
                        ],
                        [
                            75.569984,
                            23.997402
                        ],
                        [
                            75.570935,
                            23.995635
                        ],
                        [
                            75.575385,
                            23.994753
                        ],
                        [
                            75.577596,
                            23.996892
                        ],
                        [
                            75.579424,
                            23.995871
                        ],
                        [
                            75.581994,
                            23.990558
                        ],
                        [
                            75.585463,
                            23.988177
                        ],
                        [
                            75.588581,
                            23.991876
                        ],
                        [
                            75.591696,
                            23.992585
                        ],
                        [
                            75.594278,
                            23.991109
                        ],
                        [
                            75.599079,
                            23.994877
                        ],
                        [
                            75.605808,
                            23.992521
                        ],
                        [
                            75.60847,
                            23.992484
                        ],
                        [
                            75.613442,
                            23.994987
                        ],
                        [
                            75.626445,
                            23.995041
                        ],
                        [
                            75.632253,
                            23.99589
                        ],
                        [
                            75.632923,
                            23.996527
                        ],
                        [
                            75.63647,
                            23.996038
                        ],
                        [
                            75.640225,
                            23.999043
                        ],
                        [
                            75.640959,
                            24.000842
                        ],
                        [
                            75.643245,
                            24.01457
                        ],
                        [
                            75.647696,
                            24.013666
                        ],
                        [
                            75.649953,
                            24.016923
                        ],
                        [
                            75.649461,
                            24.019401
                        ],
                        [
                            75.654947,
                            24.023776
                        ],
                        [
                            75.661188,
                            24.027684
                        ],
                        [
                            75.671055,
                            24.029723
                        ],
                        [
                            75.674547,
                            24.027073
                        ],
                        [
                            75.678897,
                            24.016283
                        ],
                        [
                            75.684141,
                            24.013126
                        ],
                        [
                            75.687664,
                            24.014112
                        ],
                        [
                            75.686156,
                            24.000812
                        ],
                        [
                            75.68717,
                            23.99853
                        ],
                        [
                            75.685365,
                            23.994391
                        ],
                        [
                            75.685906,
                            23.989288
                        ],
                        [
                            75.688218,
                            23.986727
                        ],
                        [
                            75.692495,
                            23.985659
                        ],
                        [
                            75.694946,
                            23.985392
                        ],
                        [
                            75.697988,
                            23.98656
                        ],
                        [
                            75.698319,
                            23.983688
                        ],
                        [
                            75.697295,
                            23.982079
                        ],
                        [
                            75.699734,
                            23.968268
                        ],
                        [
                            75.700292,
                            23.966264
                        ],
                        [
                            75.702248,
                            23.965238
                        ],
                        [
                            75.715684,
                            23.968252
                        ],
                        [
                            75.725205,
                            23.969287
                        ],
                        [
                            75.727042,
                            23.970678
                        ],
                        [
                            75.728383,
                            23.974928
                        ],
                        [
                            75.729669,
                            23.97568
                        ],
                        [
                            75.735005,
                            23.97509
                        ],
                        [
                            75.737433,
                            23.976719
                        ],
                        [
                            75.738192,
                            23.9785
                        ],
                        [
                            75.737945,
                            23.980904
                        ],
                        [
                            75.740066,
                            23.98431
                        ],
                        [
                            75.739321,
                            23.990206
                        ],
                        [
                            75.73978,
                            23.991479
                        ],
                        [
                            75.749534,
                            23.98961
                        ],
                        [
                            75.751511,
                            23.991231
                        ],
                        [
                            75.757289,
                            23.99105
                        ],
                        [
                            75.764016,
                            23.99408
                        ],
                        [
                            75.766309,
                            23.998561
                        ],
                        [
                            75.766045,
                            24.000708
                        ],
                        [
                            75.76614,
                            24.001422
                        ],
                        [
                            75.762086,
                            24.004557
                        ],
                        [
                            75.762885,
                            24.009032
                        ],
                        [
                            75.765212,
                            24.010086
                        ],
                        [
                            75.769838,
                            24.007802
                        ],
                        [
                            75.773293,
                            24.008331
                        ],
                        [
                            75.775801,
                            24.015217
                        ],
                        [
                            75.779852,
                            24.02363
                        ],
                        [
                            75.782304,
                            24.032357
                        ],
                        [
                            75.779794,
                            24.053236
                        ],
                        [
                            75.781715,
                            24.058171
                        ],
                        [
                            75.791112,
                            24.059381
                        ],
                        [
                            75.809419,
                            24.063671
                        ],
                        [
                            75.8155,
                            24.067685
                        ],
                        [
                            75.822919,
                            24.066658
                        ],
                        [
                            75.83171,
                            24.068007
                        ],
                        [
                            75.83596,
                            24.071478
                        ],
                        [
                            75.833591,
                            24.073162
                        ],
                        [
                            75.832767,
                            24.077644
                        ],
                        [
                            75.834902,
                            24.091786
                        ],
                        [
                            75.838114,
                            24.100036
                        ],
                        [
                            75.838053,
                            24.10739
                        ],
                        [
                            75.832874,
                            24.103975
                        ],
                        [
                            75.814399,
                            24.098926
                        ],
                        [
                            75.810562,
                            24.109408
                        ],
                        [
                            75.804599,
                            24.114375
                        ],
                        [
                            75.791772,
                            24.105866
                        ],
                        [
                            75.786951,
                            24.114416
                        ],
                        [
                            75.785337,
                            24.118748
                        ],
                        [
                            75.781188,
                            24.120691
                        ],
                        [
                            75.780866,
                            24.130726
                        ],
                        [
                            75.778469,
                            24.135025
                        ],
                        [
                            75.775321,
                            24.135505
                        ],
                        [
                            75.767251,
                            24.132698
                        ],
                        [
                            75.764296,
                            24.137085
                        ],
                        [
                            75.761567,
                            24.136422
                        ],
                        [
                            75.745601,
                            24.135679
                        ],
                        [
                            75.752801,
                            24.157717
                        ],
                        [
                            75.755474,
                            24.160398
                        ],
                        [
                            75.760459,
                            24.17061
                        ],
                        [
                            75.761088,
                            24.175669
                        ],
                        [
                            75.765872,
                            24.185829
                        ],
                        [
                            75.770826,
                            24.189356
                        ],
                        [
                            75.771889,
                            24.193786
                        ],
                        [
                            75.770058,
                            24.203593
                        ],
                        [
                            75.775777,
                            24.216925
                        ],
                        [
                            75.781107,
                            24.220441
                        ],
                        [
                            75.7942,
                            24.219263
                        ],
                        [
                            75.797654,
                            24.222889
                        ],
                        [
                            75.801844,
                            24.225242
                        ],
                        [
                            75.80765,
                            24.225725
                        ],
                        [
                            75.810111,
                            24.236672
                        ],
                        [
                            75.812965,
                            24.237978
                        ],
                        [
                            75.816596,
                            24.235598
                        ],
                        [
                            75.818956,
                            24.23794
                        ],
                        [
                            75.823665,
                            24.237025
                        ],
                        [
                            75.828737,
                            24.238556
                        ],
                        [
                            75.829269,
                            24.242403
                        ],
                        [
                            75.824891,
                            24.243332
                        ],
                        [
                            75.820443,
                            24.245947
                        ],
                        [
                            75.815054,
                            24.252873
                        ],
                        [
                            75.814914,
                            24.256647
                        ],
                        [
                            75.820927,
                            24.264206
                        ],
                        [
                            75.814152,
                            24.266423
                        ],
                        [
                            75.815304,
                            24.273078
                        ],
                        [
                            75.81383,
                            24.280705
                        ],
                        [
                            75.819263,
                            24.286731
                        ],
                        [
                            75.813363,
                            24.294016
                        ],
                        [
                            75.815419,
                            24.296651
                        ],
                        [
                            75.813628,
                            24.299426
                        ],
                        [
                            75.805408,
                            24.308313
                        ],
                        [
                            75.799828,
                            24.310337
                        ],
                        [
                            75.792409,
                            24.307087
                        ],
                        [
                            75.783417,
                            24.304632
                        ],
                        [
                            75.773202,
                            24.304771
                        ],
                        [
                            75.767427,
                            24.306675
                        ],
                        [
                            75.75861,
                            24.323222
                        ],
                        [
                            75.74026,
                            24.343988
                        ],
                        [
                            75.742871,
                            24.345753
                        ],
                        [
                            75.744163,
                            24.348976
                        ],
                        [
                            75.744142,
                            24.357078
                        ],
                        [
                            75.741053,
                            24.357267
                        ],
                        [
                            75.740664,
                            24.362191
                        ],
                        [
                            75.741956,
                            24.384926
                        ],
                        [
                            75.740963,
                            24.391292
                        ],
                        [
                            75.737726,
                            24.390396
                        ],
                        [
                            75.732054,
                            24.385509
                        ],
                        [
                            75.729276,
                            24.401277
                        ],
                        [
                            75.730686,
                            24.403501
                        ],
                        [
                            75.732186,
                            24.399607
                        ],
                        [
                            75.738233,
                            24.399429
                        ],
                        [
                            75.745686,
                            24.400997
                        ],
                        [
                            75.747418,
                            24.403067
                        ],
                        [
                            75.757717,
                            24.405292
                        ],
                        [
                            75.758297,
                            24.417022
                        ],
                        [
                            75.758872,
                            24.423643
                        ],
                        [
                            75.751195,
                            24.424391
                        ],
                        [
                            75.754887,
                            24.427547
                        ],
                        [
                            75.770744,
                            24.436309
                        ],
                        [
                            75.778213,
                            24.444225
                        ],
                        [
                            75.778719,
                            24.44983
                        ],
                        [
                            75.783823,
                            24.449853
                        ],
                        [
                            75.786128,
                            24.447772
                        ],
                        [
                            75.788308,
                            24.45103
                        ],
                        [
                            75.78866,
                            24.454354
                        ],
                        [
                            75.786665,
                            24.46067
                        ],
                        [
                            75.789324,
                            24.467762
                        ],
                        [
                            75.793714,
                            24.471129
                        ],
                        [
                            75.798225,
                            24.469044
                        ],
                        [
                            75.807618,
                            24.468694
                        ],
                        [
                            75.817723,
                            24.461026
                        ],
                        [
                            75.819096,
                            24.454436
                        ],
                        [
                            75.816768,
                            24.444011
                        ],
                        [
                            75.812223,
                            24.437156
                        ],
                        [
                            75.815124,
                            24.432709
                        ],
                        [
                            75.826716,
                            24.426723
                        ],
                        [
                            75.831592,
                            24.41844
                        ],
                        [
                            75.849883,
                            24.414877
                        ],
                        [
                            75.863858,
                            24.419233
                        ],
                        [
                            75.877913,
                            24.426171
                        ],
                        [
                            75.889207,
                            24.432814
                        ],
                        [
                            75.901358,
                            24.43746
                        ],
                        [
                            75.906147,
                            24.442
                        ],
                        [
                            75.906111,
                            24.449797
                        ],
                        [
                            75.911757,
                            24.451992
                        ],
                        [
                            75.912219,
                            24.459478
                        ],
                        [
                            75.910078,
                            24.465355
                        ],
                        [
                            75.910919,
                            24.473979
                        ],
                        [
                            75.91524,
                            24.481422
                        ],
                        [
                            75.914656,
                            24.488265
                        ],
                        [
                            75.909578,
                            24.493878
                        ],
                        [
                            75.908305,
                            24.501156
                        ],
                        [
                            75.89386,
                            24.505439
                        ],
                        [
                            75.89538,
                            24.517372
                        ],
                        [
                            75.899777,
                            24.518099
                        ],
                        [
                            75.904988,
                            24.517863
                        ],
                        [
                            75.905731,
                            24.515561
                        ],
                        [
                            75.912195,
                            24.51071
                        ],
                        [
                            75.92492,
                            24.523101
                        ],
                        [
                            75.927923,
                            24.529221
                        ],
                        [
                            75.927905,
                            24.534114
                        ],
                        [
                            75.923413,
                            24.539623
                        ],
                        [
                            75.919611,
                            24.542505
                        ],
                        [
                            75.909911,
                            24.546287
                        ],
                        [
                            75.909506,
                            24.548022
                        ],
                        [
                            75.908605,
                            24.55641
                        ],
                        [
                            75.910717,
                            24.561185
                        ],
                        [
                            75.912461,
                            24.560331
                        ],
                        [
                            75.916133,
                            24.561103
                        ],
                        [
                            75.918764,
                            24.563181
                        ],
                        [
                            75.920314,
                            24.567286
                        ],
                        [
                            75.918042,
                            24.570404
                        ],
                        [
                            75.913985,
                            24.572862
                        ],
                        [
                            75.90578,
                            24.57263
                        ],
                        [
                            75.90062,
                            24.576277
                        ],
                        [
                            75.896613,
                            24.577492
                        ],
                        [
                            75.887234,
                            24.577571
                        ],
                        [
                            75.878692,
                            24.586614
                        ],
                        [
                            75.879569,
                            24.595478
                        ],
                        [
                            75.876968,
                            24.602941
                        ],
                        [
                            75.86853,
                            24.603176
                        ],
                        [
                            75.866338,
                            24.608747
                        ],
                        [
                            75.855403,
                            24.610165
                        ],
                        [
                            75.851016,
                            24.607005
                        ],
                        [
                            75.84786,
                            24.606206
                        ],
                        [
                            75.845146,
                            24.596097
                        ],
                        [
                            75.841182,
                            24.591552
                        ],
                        [
                            75.838238,
                            24.593416
                        ],
                        [
                            75.842038,
                            24.6046
                        ],
                        [
                            75.830951,
                            24.609215
                        ],
                        [
                            75.833187,
                            24.615793
                        ],
                        [
                            75.837137,
                            24.6196
                        ],
                        [
                            75.840976,
                            24.61945
                        ],
                        [
                            75.845735,
                            24.621962
                        ],
                        [
                            75.849081,
                            24.627248
                        ],
                        [
                            75.846987,
                            24.630556
                        ],
                        [
                            75.846789,
                            24.63511
                        ],
                        [
                            75.851707,
                            24.648891
                        ],
                        [
                            75.851553,
                            24.660378
                        ],
                        [
                            75.846824,
                            24.665184
                        ],
                        [
                            75.839966,
                            24.665832
                        ],
                        [
                            75.831054,
                            24.664065
                        ],
                        [
                            75.830028,
                            24.667342
                        ],
                        [
                            75.834434,
                            24.675583
                        ],
                        [
                            75.8366,
                            24.681778
                        ],
                        [
                            75.844997,
                            24.713275
                        ],
                        [
                            75.84172,
                            24.725686
                        ],
                        [
                            75.830774,
                            24.73217
                        ],
                        [
                            75.808409,
                            24.752102
                        ],
                        [
                            75.789089,
                            24.76137
                        ],
                        [
                            75.783552,
                            24.759008
                        ],
                        [
                            75.775491,
                            24.757891
                        ],
                        [
                            75.762547,
                            24.760666
                        ],
                        [
                            75.744646,
                            24.756247
                        ],
                        [
                            75.733575,
                            24.751437
                        ],
                        [
                            75.725846,
                            24.746028
                        ],
                        [
                            75.714528,
                            24.741336
                        ],
                        [
                            75.682735,
                            24.72377
                        ],
                        [
                            75.6618,
                            24.697666
                        ],
                        [
                            75.636565,
                            24.687132
                        ],
                        [
                            75.615847,
                            24.684423
                        ],
                        [
                            75.611944,
                            24.685993
                        ],
                        [
                            75.605108,
                            24.697288
                        ],
                        [
                            75.584407,
                            24.718722
                        ],
                        [
                            75.571458,
                            24.715935
                        ],
                        [
                            75.55456,
                            24.709818
                        ],
                        [
                            75.550979,
                            24.711612
                        ],
                        [
                            75.550974,
                            24.711613
                        ],
                        [
                            75.543648,
                            24.712752
                        ],
                        [
                            75.537486,
                            24.716088
                        ],
                        [
                            75.529872,
                            24.713982
                        ],
                        [
                            75.5082,
                            24.705513
                        ],
                        [
                            75.485751,
                            24.693745
                        ],
                        [
                            75.454133,
                            24.689373
                        ],
                        [
                            75.439737,
                            24.691691
                        ],
                        [
                            75.421875,
                            24.696138
                        ],
                        [
                            75.398572,
                            24.700755
                        ],
                        [
                            75.380236,
                            24.702586
                        ],
                        [
                            75.365966,
                            24.70575
                        ],
                        [
                            75.352933,
                            24.713338
                        ],
                        [
                            75.30633,
                            24.717019
                        ],
                        [
                            75.287774,
                            24.722201
                        ],
                        [
                            75.26916,
                            24.72904
                        ],
                        [
                            75.263913,
                            24.729384
                        ],
                        [
                            75.251413,
                            24.725482
                        ],
                        [
                            75.244338,
                            24.726821
                        ],
                        [
                            75.230256,
                            24.731458
                        ],
                        [
                            75.225898,
                            24.73183
                        ],
                        [
                            75.223226,
                            24.729831
                        ],
                        [
                            75.221181,
                            24.719426
                        ],
                        [
                            75.218742,
                            24.718784
                        ],
                        [
                            75.203713,
                            24.742523
                        ],
                        [
                            75.200003,
                            24.75329
                        ],
                        [
                            75.197427,
                            24.756404
                        ],
                        [
                            75.188638,
                            24.756715
                        ],
                        [
                            75.187383,
                            24.759444
                        ],
                        [
                            75.18733,
                            24.764447
                        ],
                        [
                            75.189484,
                            24.76647
                        ],
                        [
                            75.191331,
                            24.771039
                        ],
                        [
                            75.194139,
                            24.785139
                        ],
                        [
                            75.197168,
                            24.786101
                        ],
                        [
                            75.204566,
                            24.785182
                        ],
                        [
                            75.205454,
                            24.788844
                        ],
                        [
                            75.204575,
                            24.792667
                        ],
                        [
                            75.205461,
                            24.798061
                        ],
                        [
                            75.208318,
                            24.8063
                        ],
                        [
                            75.219314,
                            24.816821
                        ],
                        [
                            75.224425,
                            24.815312
                        ],
                        [
                            75.238587,
                            24.816578
                        ],
                        [
                            75.243326,
                            24.815764
                        ],
                        [
                            75.248705,
                            24.818166
                        ],
                        [
                            75.251487,
                            24.822713
                        ],
                        [
                            75.253564,
                            24.828536
                        ],
                        [
                            75.253941,
                            24.833483
                        ],
                        [
                            75.251719,
                            24.837127
                        ],
                        [
                            75.248177,
                            24.840503
                        ],
                        [
                            75.243056,
                            24.843182
                        ],
                        [
                            75.235785,
                            24.842956
                        ],
                        [
                            75.229725,
                            24.844102
                        ],
                        [
                            75.227501,
                            24.847386
                        ],
                        [
                            75.228008,
                            24.851197
                        ],
                        [
                            75.223699,
                            24.854537
                        ],
                        [
                            75.220478,
                            24.855835
                        ],
                        [
                            75.212372,
                            24.867783
                        ],
                        [
                            75.208693,
                            24.875455
                        ],
                        [
                            75.203319,
                            24.880564
                        ],
                        [
                            75.20488,
                            24.884459
                        ],
                        [
                            75.2081,
                            24.887965
                        ],
                        [
                            75.210232,
                            24.894106
                        ],
                        [
                            75.209462,
                            24.901003
                        ],
                        [
                            75.210222,
                            24.906355
                        ],
                        [
                            75.214694,
                            24.906414
                        ],
                        [
                            75.221261,
                            24.90284
                        ],
                        [
                            75.223417,
                            24.899137
                        ],
                        [
                            75.221733,
                            24.888546
                        ],
                        [
                            75.225464,
                            24.886368
                        ],
                        [
                            75.232652,
                            24.890749
                        ],
                        [
                            75.238205,
                            24.895628
                        ],
                        [
                            75.243316,
                            24.89895
                        ],
                        [
                            75.246479,
                            24.898349
                        ],
                        [
                            75.249835,
                            24.89623
                        ],
                        [
                            75.252049,
                            24.892003
                        ],
                        [
                            75.250056,
                            24.877205
                        ],
                        [
                            75.23871,
                            24.867216
                        ],
                        [
                            75.229388,
                            24.855489
                        ],
                        [
                            75.231535,
                            24.853821
                        ],
                        [
                            75.236079,
                            24.854629
                        ],
                        [
                            75.243731,
                            24.85726
                        ],
                        [
                            75.249736,
                            24.855826
                        ],
                        [
                            75.254414,
                            24.855818
                        ],
                        [
                            75.261873,
                            24.853832
                        ],
                        [
                            75.27333,
                            24.852654
                        ],
                        [
                            75.281048,
                            24.849783
                        ],
                        [
                            75.285926,
                            24.846308
                        ],
                        [
                            75.292515,
                            24.837193
                        ],
                        [
                            75.296325,
                            24.826658
                        ],
                        [
                            75.299808,
                            24.822642
                        ],
                        [
                            75.300508,
                            24.816185
                        ],
                        [
                            75.302589,
                            24.811518
                        ],
                        [
                            75.30784,
                            24.809598
                        ],
                        [
                            75.315122,
                            24.809803
                        ],
                        [
                            75.321959,
                            24.814045
                        ],
                        [
                            75.32576,
                            24.82021
                        ],
                        [
                            75.332398,
                            24.827963
                        ],
                        [
                            75.339617,
                            24.829943
                        ],
                        [
                            75.34626,
                            24.829012
                        ],
                        [
                            75.357282,
                            24.833635
                        ],
                        [
                            75.366212,
                            24.838721
                        ],
                        [
                            75.401991,
                            24.851075
                        ],
                        [
                            75.412879,
                            24.857393
                        ],
                        [
                            75.419471,
                            24.860051
                        ],
                        [
                            75.419656,
                            24.864752
                        ],
                        [
                            75.423009,
                            24.873466
                        ],
                        [
                            75.422999,
                            24.87777
                        ],
                        [
                            75.426653,
                            24.888884
                        ],
                        [
                            75.416585,
                            24.889154
                        ],
                        [
                            75.409933,
                            24.888061
                        ],
                        [
                            75.401062,
                            24.884511
                        ],
                        [
                            75.374272,
                            24.874165
                        ],
                        [
                            75.352348,
                            24.881175
                        ],
                        [
                            75.337577,
                            24.882899
                        ],
                        [
                            75.328203,
                            24.88324
                        ],
                        [
                            75.323458,
                            24.878896
                        ],
                        [
                            75.319866,
                            24.871394
                        ],
                        [
                            75.313485,
                            24.865708
                        ],
                        [
                            75.301197,
                            24.866521
                        ],
                        [
                            75.296258,
                            24.867644
                        ],
                        [
                            75.290236,
                            24.875954
                        ],
                        [
                            75.281423,
                            24.880832
                        ],
                        [
                            75.274781,
                            24.883217
                        ],
                        [
                            75.267189,
                            24.88447
                        ],
                        [
                            75.263574,
                            24.885962
                        ],
                        [
                            75.261787,
                            24.896125
                        ],
                        [
                            75.262912,
                            24.901632
                        ],
                        [
                            75.266395,
                            24.903608
                        ],
                        [
                            75.269189,
                            24.910504
                        ],
                        [
                            75.273878,
                            24.914155
                        ],
                        [
                            75.276287,
                            24.91333
                        ],
                        [
                            75.277036,
                            24.910606
                        ],
                        [
                            75.280143,
                            24.909358
                        ],
                        [
                            75.280852,
                            24.913767
                        ],
                        [
                            75.28456,
                            24.918815
                        ],
                        [
                            75.287023,
                            24.919077
                        ],
                        [
                            75.290125,
                            24.916797
                        ],
                        [
                            75.294126,
                            24.917184
                        ],
                        [
                            75.295283,
                            24.919437
                        ],
                        [
                            75.2934,
                            24.921217
                        ],
                        [
                            75.290107,
                            24.922522
                        ],
                        [
                            75.287114,
                            24.933387
                        ],
                        [
                            75.278012,
                            24.936548
                        ],
                        [
                            75.279454,
                            24.944168
                        ],
                        [
                            75.273864,
                            24.945695
                        ],
                        [
                            75.272209,
                            24.952555
                        ],
                        [
                            75.268538,
                            24.9582
                        ],
                        [
                            75.270673,
                            24.961814
                        ],
                        [
                            75.273738,
                            24.964491
                        ],
                        [
                            75.278157,
                            24.972997
                        ],
                        [
                            75.287623,
                            24.972948
                        ],
                        [
                            75.287823,
                            24.960385
                        ],
                        [
                            75.29042,
                            24.958887
                        ],
                        [
                            75.290042,
                            24.955893
                        ],
                        [
                            75.292056,
                            24.952366
                        ],
                        [
                            75.292714,
                            24.948276
                        ],
                        [
                            75.296558,
                            24.944959
                        ],
                        [
                            75.30245,
                            24.943066
                        ],
                        [
                            75.304945,
                            24.939414
                        ],
                        [
                            75.305777,
                            24.936427
                        ],
                        [
                            75.304538,
                            24.931129
                        ],
                        [
                            75.305407,
                            24.926854
                        ],
                        [
                            75.308363,
                            24.925221
                        ],
                        [
                            75.310595,
                            24.922535
                        ],
                        [
                            75.314401,
                            24.907306
                        ],
                        [
                            75.314323,
                            24.89616
                        ],
                        [
                            75.316104,
                            24.896679
                        ],
                        [
                            75.319776,
                            24.903467
                        ],
                        [
                            75.327711,
                            24.934317
                        ],
                        [
                            75.331062,
                            24.941854
                        ],
                        [
                            75.336604,
                            24.94683
                        ],
                        [
                            75.339839,
                            24.95931
                        ],
                        [
                            75.337772,
                            24.960926
                        ],
                        [
                            75.336074,
                            24.963654
                        ],
                        [
                            75.333636,
                            24.972278
                        ],
                        [
                            75.328706,
                            24.972378
                        ],
                        [
                            75.325468,
                            24.978459
                        ],
                        [
                            75.324446,
                            24.985834
                        ],
                        [
                            75.324421,
                            24.99235
                        ],
                        [
                            75.325488,
                            24.997124
                        ],
                        [
                            75.321342,
                            25.002732
                        ],
                        [
                            75.324889,
                            25.009605
                        ],
                        [
                            75.33191,
                            25.013833
                        ],
                        [
                            75.345548,
                            25.018486
                        ],
                        [
                            75.353084,
                            25.021023
                        ],
                        [
                            75.354027,
                            25.021339
                        ],
                        [
                            75.356087,
                            25.024913
                        ],
                        [
                            75.352536,
                            25.02945
                        ],
                        [
                            75.356732,
                            25.033546
                        ],
                        [
                            75.352105,
                            25.037912
                        ],
                        [
                            75.348075,
                            25.03899
                        ],
                        [
                            75.338619,
                            25.041082
                        ],
                        [
                            75.325095,
                            25.040452
                        ],
                        [
                            75.312927,
                            25.042304
                        ],
                        [
                            75.302555,
                            25.04025
                        ],
                        [
                            75.294944,
                            25.039119
                        ],
                        [
                            75.280633,
                            25.040958
                        ],
                        [
                            75.268303,
                            25.039351
                        ],
                        [
                            75.257942,
                            25.036321
                        ],
                        [
                            75.24687,
                            25.036223
                        ],
                        [
                            75.239814,
                            25.038219
                        ],
                        [
                            75.229338,
                            25.034849
                        ],
                        [
                            75.220463,
                            25.037757
                        ],
                        [
                            75.207694,
                            25.038746
                        ],
                        [
                            75.20577,
                            25.035168
                        ],
                        [
                            75.202772,
                            25.030842
                        ],
                        [
                            75.19729,
                            25.033873
                        ],
                        [
                            75.196603,
                            25.034047
                        ],
                        [
                            75.187493,
                            25.03889
                        ],
                        [
                            75.18425,
                            25.043945
                        ],
                        [
                            75.175954,
                            25.050169
                        ],
                        [
                            75.1691,
                            25.040585
                        ],
                        [
                            75.161271,
                            25.04186
                        ],
                        [
                            75.158386,
                            25.031833
                        ],
                        [
                            75.156804,
                            25.025266
                        ],
                        [
                            75.16131,
                            25.020461
                        ],
                        [
                            75.167361,
                            25.018702
                        ],
                        [
                            75.1707,
                            25.009567
                        ],
                        [
                            75.168864,
                            25.00249
                        ],
                        [
                            75.166466,
                            24.988052
                        ],
                        [
                            75.162949,
                            24.984007
                        ],
                        [
                            75.154183,
                            24.985093
                        ],
                        [
                            75.143075,
                            24.980435
                        ],
                        [
                            75.145804,
                            24.978344
                        ],
                        [
                            75.148875,
                            24.975991
                        ],
                        [
                            75.135516,
                            24.971665
                        ],
                        [
                            75.121784,
                            24.972207
                        ],
                        [
                            75.121029,
                            24.971195
                        ],
                        [
                            75.11728,
                            24.957581
                        ],
                        [
                            75.11761,
                            24.950102
                        ],
                        [
                            75.119651,
                            24.94279
                        ],
                        [
                            75.121293,
                            24.914603
                        ],
                        [
                            75.11681,
                            24.908301
                        ],
                        [
                            75.119564,
                            24.901612
                        ],
                        [
                            75.121277,
                            24.892286
                        ],
                        [
                            75.120709,
                            24.885495
                        ],
                        [
                            75.11681,
                            24.883599
                        ],
                        [
                            75.091884,
                            24.876217
                        ],
                        [
                            75.090122,
                            24.877594
                        ],
                        [
                            75.088802,
                            24.879961
                        ],
                        [
                            75.088413,
                            24.883076
                        ],
                        [
                            75.083444,
                            24.885637
                        ],
                        [
                            75.075265,
                            24.883813
                        ],
                        [
                            75.067913,
                            24.874921
                        ],
                        [
                            75.064882,
                            24.873993
                        ],
                        [
                            75.060985,
                            24.877836
                        ],
                        [
                            75.058042,
                            24.878468
                        ],
                        [
                            75.057976,
                            24.877434
                        ],
                        [
                            75.060482,
                            24.874237
                        ],
                        [
                            75.061543,
                            24.871251
                        ],
                        [
                            75.058832,
                            24.867581
                        ],
                        [
                            75.05276,
                            24.861426
                        ],
                        [
                            75.045043,
                            24.855778
                        ],
                        [
                            75.03573,
                            24.855147
                        ],
                        [
                            75.031381,
                            24.857098
                        ],
                        [
                            75.021081,
                            24.863501
                        ],
                        [
                            75.01668,
                            24.866777
                        ],
                        [
                            75.014217,
                            24.870656
                        ],
                        [
                            74.999253,
                            24.873203
                        ],
                        [
                            74.992592,
                            24.871603
                        ],
                        [
                            74.989062,
                            24.872576
                        ],
                        [
                            74.985728,
                            24.87425
                        ],
                        [
                            74.978884,
                            24.874103
                        ],
                        [
                            74.973257,
                            24.872023
                        ],
                        [
                            74.965042,
                            24.870725
                        ],
                        [
                            74.95783,
                            24.871605
                        ],
                        [
                            74.946278,
                            24.874571
                        ],
                        [
                            74.951942,
                            24.886629
                        ],
                        [
                            74.951719,
                            24.889616
                        ],
                        [
                            74.950233,
                            24.891456
                        ],
                        [
                            74.947714,
                            24.890583
                        ],
                        [
                            74.941199,
                            24.890149
                        ],
                        [
                            74.936949,
                            24.891889
                        ],
                        [
                            74.932237,
                            24.890659
                        ],
                        [
                            74.930975,
                            24.884574
                        ],
                        [
                            74.925136,
                            24.888758
                        ],
                        [
                            74.920959,
                            24.891525
                        ],
                        [
                            74.913952,
                            24.895795
                        ],
                        [
                            74.908311,
                            24.903868
                        ],
                        [
                            74.912456,
                            24.919979
                        ],
                        [
                            74.914419,
                            24.925083
                        ],
                        [
                            74.90578,
                            24.926816
                        ],
                        [
                            74.904134,
                            24.931386
                        ],
                        [
                            74.902003,
                            24.936452
                        ],
                        [
                            74.891383,
                            24.938164
                        ],
                        [
                            74.886149,
                            24.946487
                        ],
                        [
                            74.880571,
                            24.945531
                        ],
                        [
                            74.878695,
                            24.936134
                        ],
                        [
                            74.8686,
                            24.933694
                        ],
                        [
                            74.867127,
                            24.940025
                        ],
                        [
                            74.865291,
                            24.944319
                        ],
                        [
                            74.864952,
                            24.954045
                        ],
                        [
                            74.863536,
                            24.9626
                        ],
                        [
                            74.854628,
                            24.971489
                        ],
                        [
                            74.847764,
                            24.971069
                        ],
                        [
                            74.834087,
                            24.964242
                        ],
                        [
                            74.83199,
                            24.958713
                        ],
                        [
                            74.832508,
                            24.95411
                        ],
                        [
                            74.827615,
                            24.949025
                        ],
                        [
                            74.826321,
                            24.942696
                        ],
                        [
                            74.825534,
                            24.936907
                        ],
                        [
                            74.824918,
                            24.925311
                        ],
                        [
                            74.825409,
                            24.911617
                        ],
                        [
                            74.828399,
                            24.895936
                        ],
                        [
                            74.836401,
                            24.893829
                        ],
                        [
                            74.840694,
                            24.889668
                        ],
                        [
                            74.841431,
                            24.877347
                        ],
                        [
                            74.843632,
                            24.871762
                        ],
                        [
                            74.846916,
                            24.868891
                        ],
                        [
                            74.85418,
                            24.857106
                        ],
                        [
                            74.857153,
                            24.849987
                        ],
                        [
                            74.857306,
                            24.843949
                        ],
                        [
                            74.85873,
                            24.839774
                        ],
                        [
                            74.860257,
                            24.825785
                        ],
                        [
                            74.858674,
                            24.814623
                        ],
                        [
                            74.854166,
                            24.812313
                        ],
                        [
                            74.847155,
                            24.811636
                        ],
                        [
                            74.838691,
                            24.805271
                        ],
                        [
                            74.841942,
                            24.800222
                        ],
                        [
                            74.850055,
                            24.789452
                        ],
                        [
                            74.852611,
                            24.789452
                        ],
                        [
                            74.859116,
                            24.791403
                        ],
                        [
                            74.86066,
                            24.796323
                        ],
                        [
                            74.859799,
                            24.809836
                        ],
                        [
                            74.871451,
                            24.808816
                        ],
                        [
                            74.879297,
                            24.809933
                        ],
                        [
                            74.881789,
                            24.804721
                        ],
                        [
                            74.885913,
                            24.799178
                        ],
                        [
                            74.893206,
                            24.795845
                        ],
                        [
                            74.898706,
                            24.795942
                        ],
                        [
                            74.906449,
                            24.794178
                        ],
                        [
                            74.91125,
                            24.784939
                        ],
                        [
                            74.918235,
                            24.783886
                        ],
                        [
                            74.923368,
                            24.785135
                        ],
                        [
                            74.930746,
                            24.792168
                        ],
                        [
                            74.939874,
                            24.79147
                        ],
                        [
                            74.947292,
                            24.78839
                        ],
                        [
                            74.956806,
                            24.789102
                        ],
                        [
                            74.962957,
                            24.787824
                        ],
                        [
                            74.97178,
                            24.787506
                        ],
                        [
                            74.991461,
                            24.79044
                        ],
                        [
                            74.999793,
                            24.794313
                        ],
                        [
                            75.00856,
                            24.792664
                        ],
                        [
                            75.014428,
                            24.790403
                        ],
                        [
                            75.017783,
                            24.782545
                        ],
                        [
                            75.019431,
                            24.777319
                        ],
                        [
                            75.021538,
                            24.771035
                        ],
                        [
                            75.022866,
                            24.769445
                        ],
                        [
                            75.022866,
                            24.76943
                        ],
                        [
                            75.022825,
                            24.766853
                        ],
                        [
                            75.022792,
                            24.763736
                        ],
                        [
                            75.021687,
                            24.749351
                        ],
                        [
                            74.998488,
                            24.750825
                        ],
                        [
                            74.994832,
                            24.74935
                        ],
                        [
                            74.993412,
                            24.740427
                        ],
                        [
                            74.99213,
                            24.730394
                        ],
                        [
                            74.993472,
                            24.724887
                        ],
                        [
                            74.996573,
                            24.712767
                        ],
                        [
                            74.997984,
                            24.71261
                        ],
                        [
                            75.00077,
                            24.710413
                        ],
                        [
                            75.001702,
                            24.707184
                        ],
                        [
                            75.001238,
                            24.705106
                        ],
                        [
                            74.997898,
                            24.703461
                        ],
                        [
                            74.995029,
                            24.702419
                        ],
                        [
                            74.991757,
                            24.702981
                        ],
                        [
                            74.965376,
                            24.697123
                        ],
                        [
                            74.963437,
                            24.697505
                        ],
                        [
                            74.966135,
                            24.691201
                        ],
                        [
                            74.961143,
                            24.685416
                        ],
                        [
                            74.961164,
                            24.683387
                        ],
                        [
                            74.962268,
                            24.682755
                        ],
                        [
                            74.963055,
                            24.680367
                        ],
                        [
                            74.963198,
                            24.676244
                        ],
                        [
                            74.962398,
                            24.675562
                        ],
                        [
                            74.960466,
                            24.67657
                        ],
                        [
                            74.959583,
                            24.677827
                        ],
                        [
                            74.958509,
                            24.679357
                        ],
                        [
                            74.953179,
                            24.673141
                        ],
                        [
                            74.953856,
                            24.670526
                        ],
                        [
                            74.953233,
                            24.666993
                        ],
                        [
                            74.944199,
                            24.665594
                        ],
                        [
                            74.942992,
                            24.663511
                        ],
                        [
                            74.945046,
                            24.658976
                        ],
                        [
                            74.944032,
                            24.657077
                        ],
                        [
                            74.940345,
                            24.65841
                        ],
                        [
                            74.93965,
                            24.657872
                        ],
                        [
                            74.938334,
                            24.656854
                        ],
                        [
                            74.935921,
                            24.658548
                        ],
                        [
                            74.930589,
                            24.65588
                        ],
                        [
                            74.920985,
                            24.655143
                        ],
                        [
                            74.915887,
                            24.656145
                        ],
                        [
                            74.914116,
                            24.657132
                        ],
                        [
                            74.910735,
                            24.657161
                        ],
                        [
                            74.909643,
                            24.658318
                        ],
                        [
                            74.906726,
                            24.657079
                        ],
                        [
                            74.903548,
                            24.653051
                        ],
                        [
                            74.898062,
                            24.662302
                        ],
                        [
                            74.894595,
                            24.660612
                        ],
                        [
                            74.894594,
                            24.657728
                        ],
                        [
                            74.895576,
                            24.654895
                        ],
                        [
                            74.893894,
                            24.652108
                        ],
                        [
                            74.888971,
                            24.65448
                        ],
                        [
                            74.881229,
                            24.66478
                        ],
                        [
                            74.878719,
                            24.662545
                        ],
                        [
                            74.876062,
                            24.664256
                        ],
                        [
                            74.874468,
                            24.666257
                        ],
                        [
                            74.873727,
                            24.672693
                        ],
                        [
                            74.870804,
                            24.675572
                        ],
                        [
                            74.867965,
                            24.687298
                        ],
                        [
                            74.866264,
                            24.688849
                        ],
                        [
                            74.863515,
                            24.689129
                        ],
                        [
                            74.860864,
                            24.690676
                        ],
                        [
                            74.859597,
                            24.698969
                        ],
                        [
                            74.857422,
                            24.701974
                        ],
                        [
                            74.855019,
                            24.700913
                        ],
                        [
                            74.855673,
                            24.698507
                        ],
                        [
                            74.856349,
                            24.696016
                        ],
                        [
                            74.85534,
                            24.693507
                        ],
                        [
                            74.852854,
                            24.693391
                        ],
                        [
                            74.85088,
                            24.695449
                        ],
                        [
                            74.850737,
                            24.703131
                        ],
                        [
                            74.849887,
                            24.705525
                        ],
                        [
                            74.835924,
                            24.728817
                        ],
                        [
                            74.830344,
                            24.74272
                        ],
                        [
                            74.819587,
                            24.762169
                        ],
                        [
                            74.816041,
                            24.778284
                        ],
                        [
                            74.810902,
                            24.793237
                        ],
                        [
                            74.806384,
                            24.79292
                        ],
                        [
                            74.800389,
                            24.792498
                        ],
                        [
                            74.799523,
                            24.787397
                        ],
                        [
                            74.802195,
                            24.783539
                        ],
                        [
                            74.802939,
                            24.763392
                        ],
                        [
                            74.804168,
                            24.751705
                        ],
                        [
                            74.800791,
                            24.748569
                        ],
                        [
                            74.793525,
                            24.747041
                        ],
                        [
                            74.787036,
                            24.743786
                        ],
                        [
                            74.78099,
                            24.739631
                        ],
                        [
                            74.782318,
                            24.73773
                        ],
                        [
                            74.784794,
                            24.727234
                        ],
                        [
                            74.789327,
                            24.724902
                        ],
                        [
                            74.790597,
                            24.723506
                        ],
                        [
                            74.788487,
                            24.718807
                        ],
                        [
                            74.784063,
                            24.715106
                        ],
                        [
                            74.785335,
                            24.709524
                        ],
                        [
                            74.784764,
                            24.706388
                        ],
                        [
                            74.781781,
                            24.701973
                        ],
                        [
                            74.780546,
                            24.697552
                        ],
                        [
                            74.778176,
                            24.693579
                        ],
                        [
                            74.778735,
                            24.690111
                        ],
                        [
                            74.776147,
                            24.684624
                        ],
                        [
                            74.776915,
                            24.682955
                        ],
                        [
                            74.786573,
                            24.676807
                        ],
                        [
                            74.790331,
                            24.675821
                        ],
                        [
                            74.792849,
                            24.678454
                        ],
                        [
                            74.79323,
                            24.681192
                        ],
                        [
                            74.810595,
                            24.683378
                        ],
                        [
                            74.814279,
                            24.682996
                        ],
                        [
                            74.818694,
                            24.676766
                        ],
                        [
                            74.818685,
                            24.673308
                        ],
                        [
                            74.818023,
                            24.66852
                        ],
                        [
                            74.815748,
                            24.666617
                        ],
                        [
                            74.812294,
                            24.668494
                        ],
                        [
                            74.809635,
                            24.666812
                        ],
                        [
                            74.805827,
                            24.656418
                        ],
                        [
                            74.803249,
                            24.65379
                        ],
                        [
                            74.800203,
                            24.653436
                        ],
                        [
                            74.795797,
                            24.651572
                        ],
                        [
                            74.793865,
                            24.648438
                        ],
                        [
                            74.794336,
                            24.646321
                        ],
                        [
                            74.79222,
                            24.642295
                        ],
                        [
                            74.784254,
                            24.633652
                        ],
                        [
                            74.78563,
                            24.626185
                        ],
                        [
                            74.788598,
                            24.617666
                        ],
                        [
                            74.788152,
                            24.614484
                        ],
                        [
                            74.79134,
                            24.614281
                        ],
                        [
                            74.790896,
                            24.607641
                        ],
                        [
                            74.787099,
                            24.607003
                        ],
                        [
                            74.782524,
                            24.604068
                        ],
                        [
                            74.777993,
                            24.602298
                        ],
                        [
                            74.771363,
                            24.602752
                        ],
                        [
                            74.760883,
                            24.598315
                        ],
                        [
                            74.756647,
                            24.597608
                        ],
                        [
                            74.748646,
                            24.593745
                        ],
                        [
                            74.747338,
                            24.589932
                        ],
                        [
                            74.750969,
                            24.585603
                        ],
                        [
                            74.752204,
                            24.583044
                        ],
                        [
                            74.754433,
                            24.57532
                        ],
                        [
                            74.75614,
                            24.567924
                        ],
                        [
                            74.75762,
                            24.56059
                        ],
                        [
                            74.756975,
                            24.556825
                        ],
                        [
                            74.758085,
                            24.553753
                        ],
                        [
                            74.757363,
                            24.551551
                        ],
                        [
                            74.752951,
                            24.549326
                        ],
                        [
                            74.749147,
                            24.548675
                        ],
                        [
                            74.748196,
                            24.544628
                        ],
                        [
                            74.750209,
                            24.539486
                        ],
                        [
                            74.748297,
                            24.533183
                        ],
                        [
                            74.729106,
                            24.531769
                        ],
                        [
                            74.723959,
                            24.528133
                        ],
                        [
                            74.716194,
                            24.519818
                        ],
                        [
                            74.712421,
                            24.50794
                        ],
                        [
                            74.713386,
                            24.506216
                        ],
                        [
                            74.713569,
                            24.506148
                        ],
                        [
                            74.716032,
                            24.505233
                        ],
                        [
                            74.724195,
                            24.507381
                        ],
                        [
                            74.727689,
                            24.50775
                        ],
                        [
                            74.73133,
                            24.506999
                        ],
                        [
                            74.73555,
                            24.500588
                        ],
                        [
                            74.75117,
                            24.488952
                        ],
                        [
                            74.757847,
                            24.485763
                        ],
                        [
                            74.761359,
                            24.485512
                        ],
                        [
                            74.766762,
                            24.487584
                        ],
                        [
                            74.773854,
                            24.482034
                        ],
                        [
                            74.779573,
                            24.480293
                        ],
                        [
                            74.782111,
                            24.481775
                        ],
                        [
                            74.785548,
                            24.486796
                        ],
                        [
                            74.792513,
                            24.490165
                        ],
                        [
                            74.796584,
                            24.490144
                        ],
                        [
                            74.802283,
                            24.488963
                        ],
                        [
                            74.808656,
                            24.489916
                        ],
                        [
                            74.811485,
                            24.488878
                        ],
                        [
                            74.815172,
                            24.489078
                        ],
                        [
                            74.817507,
                            24.488035
                        ],
                        [
                            74.823055,
                            24.48466
                        ],
                        [
                            74.824864,
                            24.480411
                        ],
                        [
                            74.825357,
                            24.476093
                        ],
                        [
                            74.820751,
                            24.469773
                        ],
                        [
                            74.818893,
                            24.458817
                        ],
                        [
                            74.834433,
                            24.457274
                        ],
                        [
                            74.837179,
                            24.462233
                        ],
                        [
                            74.84154,
                            24.464068
                        ],
                        [
                            74.84524,
                            24.462745
                        ],
                        [
                            74.850053,
                            24.463469
                        ],
                        [
                            74.851392,
                            24.46566
                        ],
                        [
                            74.854823,
                            24.467035
                        ],
                        [
                            74.85886,
                            24.464152
                        ],
                        [
                            74.857664,
                            24.460107
                        ],
                        [
                            74.858889,
                            24.452371
                        ],
                        [
                            74.858197,
                            24.448328
                        ],
                        [
                            74.85459,
                            24.446337
                        ],
                        [
                            74.848413,
                            24.440397
                        ],
                        [
                            74.846515,
                            24.437571
                        ],
                        [
                            74.835777,
                            24.426375
                        ],
                        [
                            74.827607,
                            24.420471
                        ],
                        [
                            74.827824,
                            24.413688
                        ],
                        [
                            74.826965,
                            24.407561
                        ],
                        [
                            74.825807,
                            24.405203
                        ],
                        [
                            74.815335,
                            24.407573
                        ],
                        [
                            74.812853,
                            24.406035
                        ],
                        [
                            74.805915,
                            24.392351
                        ],
                        [
                            74.802773,
                            24.384246
                        ],
                        [
                            74.798812,
                            24.381065
                        ],
                        [
                            74.793611,
                            24.373059
                        ],
                        [
                            74.788793,
                            24.368692
                        ],
                        [
                            74.787422,
                            24.368574
                        ],
                        [
                            74.785043,
                            24.364284
                        ],
                        [
                            74.782105,
                            24.355286
                        ],
                        [
                            74.783157,
                            24.351592
                        ],
                        [
                            74.786615,
                            24.345734
                        ],
                        [
                            74.786739,
                            24.340797
                        ],
                        [
                            74.784166,
                            24.333034
                        ],
                        [
                            74.783517,
                            24.316368
                        ],
                        [
                            74.784015,
                            24.316877
                        ],
                        [
                            74.785183,
                            24.318069
                        ],
                        [
                            74.783986,
                            24.313735
                        ],
                        [
                            74.767351,
                            24.301418
                        ],
                        [
                            74.757721,
                            24.293191
                        ],
                        [
                            74.753265,
                            24.28637
                        ],
                        [
                            74.753041,
                            24.279638
                        ],
                        [
                            74.755028,
                            24.275953
                        ],
                        [
                            74.763733,
                            24.271813
                        ],
                        [
                            74.766726,
                            24.27039
                        ],
                        [
                            74.772804,
                            24.268934
                        ],
                        [
                            74.779981,
                            24.269558
                        ],
                        [
                            74.790603,
                            24.26881
                        ],
                        [
                            74.815516,
                            24.273917
                        ],
                        [
                            74.820022,
                            24.273168
                        ],
                        [
                            74.826182,
                            24.270192
                        ],
                        [
                            74.83307,
                            24.268457
                        ],
                        [
                            74.839323,
                            24.268121
                        ],
                        [
                            74.844332,
                            24.267036
                        ],
                        [
                            74.853768,
                            24.266841
                        ],
                        [
                            74.857044,
                            24.269058
                        ],
                        [
                            74.86022,
                            24.269851
                        ],
                        [
                            74.862386,
                            24.270393
                        ],
                        [
                            74.863026,
                            24.270553
                        ],
                        [
                            74.8645,
                            24.270814
                        ],
                        [
                            74.870214,
                            24.277552
                        ],
                        [
                            74.875925,
                            24.274859
                        ],
                        [
                            74.88584,
                            24.265571
                        ],
                        [
                            74.889567,
                            24.263661
                        ],
                        [
                            74.89482,
                            24.258492
                        ],
                        [
                            74.89751,
                            24.245994
                        ],
                        [
                            74.90457,
                            24.242697
                        ],
                        [
                            74.905071,
                            24.242491
                        ],
                        [
                            74.905979,
                            24.242117
                        ],
                        [
                            74.907795,
                            24.237619
                        ],
                        [
                            74.906363,
                            24.230536
                        ],
                        [
                            74.903214,
                            24.227826
                        ],
                        [
                            74.898716,
                            24.225896
                        ],
                        [
                            74.890178,
                            24.223721
                        ],
                        [
                            74.887171,
                            24.221755
                        ],
                        [
                            74.880597,
                            24.213319
                        ],
                        [
                            74.881544,
                            24.210347
                        ],
                        [
                            74.897711,
                            24.183879
                        ],
                        [
                            74.898086,
                            24.179204
                        ],
                        [
                            74.899892,
                            24.175267
                        ],
                        [
                            74.900753,
                            24.171128
                        ],
                        [
                            74.920637,
                            24.159657
                        ],
                        [
                            74.921906,
                            24.157068
                        ],
                        [
                            74.927954,
                            24.153955
                        ],
                        [
                            74.923954,
                            24.14609
                        ],
                        [
                            74.92509,
                            24.142038
                        ],
                        [
                            74.937107,
                            24.135778
                        ],
                        [
                            74.939411,
                            24.124684
                        ],
                        [
                            74.936603,
                            24.120571
                        ],
                        [
                            74.939571,
                            24.117905
                        ],
                        [
                            74.955327,
                            24.108827
                        ],
                        [
                            74.959973,
                            24.106874
                        ],
                        [
                            74.96135,
                            24.102282
                        ],
                        [
                            74.961212,
                            24.090943
                        ],
                        [
                            74.962304,
                            24.08642
                        ],
                        [
                            74.965592,
                            24.0795
                        ],
                        [
                            74.972014,
                            24.07464
                        ],
                        [
                            74.976723,
                            24.072781
                        ],
                        [
                            74.979864,
                            24.068786
                        ],
                        [
                            74.981636,
                            24.037812
                        ],
                        [
                            74.990813,
                            24.030201
                        ],
                        [
                            74.993413,
                            24.026467
                        ],
                        [
                            74.99279,
                            24.020003
                        ],
                        [
                            74.988204,
                            24.011109
                        ],
                        [
                            74.980183,
                            24.006683
                        ],
                        [
                            74.972584,
                            24.000424
                        ],
                        [
                            74.973248,
                            23.987843
                        ],
                        [
                            74.968994,
                            23.976528
                        ],
                        [
                            74.963653,
                            23.970483
                        ],
                        [
                            74.941693,
                            23.957357
                        ],
                        [
                            74.93782,
                            23.952919
                        ],
                        [
                            74.931705,
                            23.943675
                        ],
                        [
                            74.931306,
                            23.941756
                        ],
                        [
                            74.930027,
                            23.937816
                        ],
                        [
                            74.924477,
                            23.935467
                        ],
                        [
                            74.921474,
                            23.93258
                        ],
                        [
                            74.923765,
                            23.92613
                        ],
                        [
                            74.92353,
                            23.921777
                        ],
                        [
                            74.917562,
                            23.914438
                        ],
                        [
                            74.914722,
                            23.909347
                        ],
                        [
                            74.913948,
                            23.900237
                        ],
                        [
                            74.910567,
                            23.885402
                        ],
                        [
                            74.907291,
                            23.873641
                        ],
                        [
                            74.905711,
                            23.87081
                        ],
                        [
                            74.905218,
                            23.865007
                        ],
                        [
                            74.906902,
                            23.853281
                        ],
                        [
                            74.910262,
                            23.84903
                        ],
                        [
                            74.913155,
                            23.846758
                        ],
                        [
                            74.915829,
                            23.842566
                        ],
                        [
                            74.913266,
                            23.833531
                        ],
                        [
                            74.911895,
                            23.809522
                        ],
                        [
                            74.910294,
                            23.797748
                        ],
                        [
                            74.914983,
                            23.796102
                        ],
                        [
                            74.927608,
                            23.795229
                        ],
                        [
                            74.929918,
                            23.791103
                        ],
                        [
                            74.937847,
                            23.773602
                        ],
                        [
                            74.939458,
                            23.767561
                        ],
                        [
                            74.939901,
                            23.762741
                        ],
                        [
                            74.931838,
                            23.755012
                        ],
                        [
                            74.931879,
                            23.753325
                        ],
                        [
                            74.938047,
                            23.73978
                        ],
                        [
                            74.940507,
                            23.731771
                        ],
                        [
                            74.931898,
                            23.72525
                        ],
                        [
                            74.924127,
                            23.716067
                        ],
                        [
                            74.922772,
                            23.710793
                        ],
                        [
                            74.922903,
                            23.693512
                        ],
                        [
                            74.917288,
                            23.689066
                        ],
                        [
                            74.910256,
                            23.684923
                        ],
                        [
                            74.907414,
                            23.679774
                        ],
                        [
                            74.90971,
                            23.673851
                        ],
                        [
                            74.924037,
                            23.665433
                        ],
                        [
                            74.928206,
                            23.650097
                        ],
                        [
                            74.930438,
                            23.645158
                        ],
                        [
                            74.938799,
                            23.640123
                        ],
                        [
                            74.940162,
                            23.633851
                        ],
                        [
                            74.939537,
                            23.627302
                        ],
                        [
                            74.927653,
                            23.621321
                        ],
                        [
                            74.9217,
                            23.619267
                        ],
                        [
                            74.90929,
                            23.621125
                        ],
                        [
                            74.905752,
                            23.61992
                        ],
                        [
                            74.897726,
                            23.609173
                        ],
                        [
                            74.885732,
                            23.603425
                        ],
                        [
                            74.884592,
                            23.600299
                        ],
                        [
                            74.879012,
                            23.592959
                        ],
                        [
                            74.876956,
                            23.591398
                        ],
                        [
                            74.87419,
                            23.587119
                        ],
                        [
                            74.874619,
                            23.580563
                        ],
                        [
                            74.87223,
                            23.575233
                        ],
                        [
                            74.868918,
                            23.571825
                        ],
                        [
                            74.86129,
                            23.569366
                        ],
                        [
                            74.858545,
                            23.566534
                        ],
                        [
                            74.851006,
                            23.554444
                        ],
                        [
                            74.844914,
                            23.551227
                        ],
                        [
                            74.837055,
                            23.550268
                        ],
                        [
                            74.829544,
                            23.546586
                        ],
                        [
                            74.818644,
                            23.537877
                        ],
                        [
                            74.81518,
                            23.5367
                        ],
                        [
                            74.811704,
                            23.535522
                        ],
                        [
                            74.802266,
                            23.531149
                        ],
                        [
                            74.798119,
                            23.537546
                        ],
                        [
                            74.795707,
                            23.543361
                        ],
                        [
                            74.791462,
                            23.545753
                        ],
                        [
                            74.784355,
                            23.54514
                        ],
                        [
                            74.773364,
                            23.540426
                        ],
                        [
                            74.770034,
                            23.532901
                        ],
                        [
                            74.763188,
                            23.521852
                        ],
                        [
                            74.756309,
                            23.519321
                        ],
                        [
                            74.741578,
                            23.516649
                        ],
                        [
                            74.736958,
                            23.503962
                        ],
                        [
                            74.732827,
                            23.497707
                        ],
                        [
                            74.725024,
                            23.495648
                        ],
                        [
                            74.717896,
                            23.500776
                        ],
                        [
                            74.710013,
                            23.502835
                        ],
                        [
                            74.699742,
                            23.500896
                        ],
                        [
                            74.686455,
                            23.493048
                        ],
                        [
                            74.686797,
                            23.48945
                        ],
                        [
                            74.682735,
                            23.483832
                        ],
                        [
                            74.679939,
                            23.482334
                        ],
                        [
                            74.673458,
                            23.482935
                        ],
                        [
                            74.66832,
                            23.48115
                        ],
                        [
                            74.663045,
                            23.470614
                        ],
                        [
                            74.657867,
                            23.464076
                        ],
                        [
                            74.653644,
                            23.461705
                        ],
                        [
                            74.651161,
                            23.460674
                        ],
                        [
                            74.635299,
                            23.461357
                        ],
                        [
                            74.625829,
                            23.459293
                        ],
                        [
                            74.61218,
                            23.45869
                        ],
                        [
                            74.612081,
                            23.454974
                        ],
                        [
                            74.611918,
                            23.448882
                        ],
                        [
                            74.597185,
                            23.427117
                        ],
                        [
                            74.590174,
                            23.422496
                        ],
                        [
                            74.578354,
                            23.4198
                        ],
                        [
                            74.572681,
                            23.419921
                        ],
                        [
                            74.57179,
                            23.416622
                        ],
                        [
                            74.571026,
                            23.380722
                        ],
                        [
                            74.569326,
                            23.375162
                        ],
                        [
                            74.563807,
                            23.372623
                        ],
                        [
                            74.558797,
                            23.361904
                        ],
                        [
                            74.554347,
                            23.360404
                        ],
                        [
                            74.54435,
                            23.361235
                        ],
                        [
                            74.542219,
                            23.356427
                        ],
                        [
                            74.541206,
                            23.336137
                        ],
                        [
                            74.536862,
                            23.331442
                        ],
                        [
                            74.518707,
                            23.32916
                        ],
                        [
                            74.516711,
                            23.326203
                        ],
                        [
                            74.517651,
                            23.319415
                        ],
                        [
                            74.519247,
                            23.319069
                        ],
                        [
                            74.528768,
                            23.321602
                        ],
                        [
                            74.532098,
                            23.320491
                        ],
                        [
                            74.532941,
                            23.317821
                        ],
                        [
                            74.532638,
                            23.311445
                        ],
                        [
                            74.534093,
                            23.306979
                        ],
                        [
                            74.539058,
                            23.302565
                        ],
                        [
                            74.542354,
                            23.297506
                        ],
                        [
                            74.546999,
                            23.284215
                        ],
                        [
                            74.551906,
                            23.279973
                        ],
                        [
                            74.556678,
                            23.282752
                        ],
                        [
                            74.560552,
                            23.289526
                        ],
                        [
                            74.565839,
                            23.295886
                        ],
                        [
                            74.570424,
                            23.298315
                        ],
                        [
                            74.575818,
                            23.29477
                        ],
                        [
                            74.58528,
                            23.281868
                        ],
                        [
                            74.5912,
                            23.280986
                        ],
                        [
                            74.597605,
                            23.281028
                        ],
                        [
                            74.605266,
                            23.282747
                        ],
                        [
                            74.613895,
                            23.281976
                        ],
                        [
                            74.620896,
                            23.278709
                        ],
                        [
                            74.625175,
                            23.273366
                        ],
                        [
                            74.628175,
                            23.26321
                        ],
                        [
                            74.63075,
                            23.260762
                        ],
                        [
                            74.644901,
                            23.257073
                        ],
                        [
                            74.650889,
                            23.258157
                        ],
                        [
                            74.665219,
                            23.268437
                        ],
                        [
                            74.671846,
                            23.272186
                        ],
                        [
                            74.67925,
                            23.272569
                        ],
                        [
                            74.699939,
                            23.269431
                        ],
                        [
                            74.700391,
                            23.26404
                        ],
                        [
                            74.702135,
                            23.258933
                        ],
                        [
                            74.709067,
                            23.255428
                        ],
                        [
                            74.713711,
                            23.250246
                        ],
                        [
                            74.717353,
                            23.243283
                        ],
                        [
                            74.720963,
                            23.239787
                        ],
                        [
                            74.712029,
                            23.233614
                        ],
                        [
                            74.702566,
                            23.230449
                        ],
                        [
                            74.694271,
                            23.225903
                        ],
                        [
                            74.69373,
                            23.22039
                        ],
                        [
                            74.698334,
                            23.217652
                        ],
                        [
                            74.701344,
                            23.217003
                        ],
                        [
                            74.711649,
                            23.218649
                        ],
                        [
                            74.717733,
                            23.216717
                        ],
                        [
                            74.723102,
                            23.217399
                        ],
                        [
                            74.73176,
                            23.22102
                        ],
                        [
                            74.738792,
                            23.225892
                        ],
                        [
                            74.739379,
                            23.226299
                        ],
                        [
                            74.73982,
                            23.226605
                        ],
                        [
                            74.744661,
                            23.229962
                        ],
                        [
                            74.749701,
                            23.22763
                        ],
                        [
                            74.74488,
                            23.212627
                        ],
                        [
                            74.744542,
                            23.209374
                        ],
                        [
                            74.733586,
                            23.203681
                        ],
                        [
                            74.719887,
                            23.194275
                        ],
                        [
                            74.714261,
                            23.191967
                        ],
                        [
                            74.686243,
                            23.194026
                        ],
                        [
                            74.667787,
                            23.198839
                        ],
                        [
                            74.663937,
                            23.195601
                        ],
                        [
                            74.658438,
                            23.185239
                        ],
                        [
                            74.653332,
                            23.179395
                        ],
                        [
                            74.640504,
                            23.170042
                        ],
                        [
                            74.624166,
                            23.160343
                        ],
                        [
                            74.616264,
                            23.149346
                        ],
                        [
                            74.612598,
                            23.145756
                        ],
                        [
                            74.606465,
                            23.142242
                        ],
                        [
                            74.595607,
                            23.139427
                        ],
                        [
                            74.58698,
                            23.138925
                        ],
                        [
                            74.57841,
                            23.137436
                        ],
                        [
                            74.571926,
                            23.134668
                        ],
                        [
                            74.564329,
                            23.132711
                        ],
                        [
                            74.543928,
                            23.129573
                        ],
                        [
                            74.545732,
                            23.115994
                        ],
                        [
                            74.544712,
                            23.11032
                        ],
                        [
                            74.540842,
                            23.104412
                        ],
                        [
                            74.533605,
                            23.099031
                        ],
                        [
                            74.52139,
                            23.096449
                        ],
                        [
                            74.511704,
                            23.093446
                        ],
                        [
                            74.510365,
                            23.08638
                        ],
                        [
                            74.489429,
                            23.085949
                        ],
                        [
                            74.465214,
                            23.082861
                        ],
                        [
                            74.456179,
                            23.084672
                        ],
                        [
                            74.443347,
                            23.090547
                        ],
                        [
                            74.437217,
                            23.09571
                        ],
                        [
                            74.431051,
                            23.103316
                        ],
                        [
                            74.423972,
                            23.103674
                        ],
                        [
                            74.416721,
                            23.106116
                        ],
                        [
                            74.411928,
                            23.108617
                        ],
                        [
                            74.404672,
                            23.109436
                        ],
                        [
                            74.388976,
                            23.109683
                        ],
                        [
                            74.385446,
                            23.108124
                        ],
                        [
                            74.364673,
                            23.09324
                        ],
                        [
                            74.3588,
                            23.08803
                        ],
                        [
                            74.357202,
                            23.078229
                        ],
                        [
                            74.352743,
                            23.073532
                        ],
                        [
                            74.345509,
                            23.068549
                        ],
                        [
                            74.336874,
                            23.064731
                        ],
                        [
                            74.320319,
                            23.060464
                        ],
                        [
                            74.315825,
                            23.065033
                        ],
                        [
                            74.313055,
                            23.069909
                        ],
                        [
                            74.307703,
                            23.077331
                        ],
                        [
                            74.301446,
                            23.081682
                        ],
                        [
                            74.284254,
                            23.089516
                        ],
                        [
                            74.280019,
                            23.092824
                        ],
                        [
                            74.27826,
                            23.098795
                        ],
                        [
                            74.279523,
                            23.104243
                        ],
                        [
                            74.285674,
                            23.116536
                        ],
                        [
                            74.282445,
                            23.122394
                        ],
                        [
                            74.277049,
                            23.127783
                        ],
                        [
                            74.275156,
                            23.131783
                        ],
                        [
                            74.274144,
                            23.137586
                        ],
                        [
                            74.269358,
                            23.153825
                        ],
                        [
                            74.264598,
                            23.163793
                        ],
                        [
                            74.259395,
                            23.169422
                        ],
                        [
                            74.25454,
                            23.17255
                        ],
                        [
                            74.249925,
                            23.174002
                        ],
                        [
                            74.247285,
                            23.176267
                        ],
                        [
                            74.243538,
                            23.1861
                        ],
                        [
                            74.234489,
                            23.180557
                        ],
                        [
                            74.226788,
                            23.18189
                        ],
                        [
                            74.204955,
                            23.189941
                        ],
                        [
                            74.201552,
                            23.186982
                        ],
                        [
                            74.197461,
                            23.181644
                        ],
                        [
                            74.191467,
                            23.176485
                        ],
                        [
                            74.186873,
                            23.169756
                        ],
                        [
                            74.18645,
                            23.155835
                        ],
                        [
                            74.183902,
                            23.150447
                        ],
                        [
                            74.18027,
                            23.150152
                        ],
                        [
                            74.162176,
                            23.154431
                        ],
                        [
                            74.157915,
                            23.153501
                        ],
                        [
                            74.152386,
                            23.155706
                        ],
                        [
                            74.145666,
                            23.170024
                        ],
                        [
                            74.142898,
                            23.173212
                        ],
                        [
                            74.13336,
                            23.175698
                        ],
                        [
                            74.127688,
                            23.175636
                        ],
                        [
                            74.124184,
                            23.176846
                        ],
                        [
                            74.121635,
                            23.186002
                        ],
                        [
                            74.121706,
                            23.188442
                        ],
                        [
                            74.119681,
                            23.189572
                        ],
                        [
                            74.120695,
                            23.199696
                        ],
                        [
                            74.121896,
                            23.204565
                        ],
                        [
                            74.131146,
                            23.213159
                        ],
                        [
                            74.132347,
                            23.218035
                        ],
                        [
                            74.13674,
                            23.224792
                        ],
                        [
                            74.135924,
                            23.228892
                        ],
                        [
                            74.136073,
                            23.23434
                        ],
                        [
                            74.133805,
                            23.242774
                        ],
                        [
                            74.133401,
                            23.262692
                        ],
                        [
                            74.131087,
                            23.267426
                        ],
                        [
                            74.127186,
                            23.270693
                        ],
                        [
                            74.115841,
                            23.273361
                        ],
                        [
                            74.111149,
                            23.275351
                        ],
                        [
                            74.108333,
                            23.283717
                        ],
                        [
                            74.103849,
                            23.292127
                        ],
                        [
                            74.098917,
                            23.293763
                        ],
                        [
                            74.086955,
                            23.296019
                        ],
                        [
                            74.073711,
                            23.296235
                        ],
                        [
                            74.045832,
                            23.293132
                        ],
                        [
                            74.041563,
                            23.294182
                        ],
                        [
                            74.046803,
                            23.305173
                        ],
                        [
                            74.04481,
                            23.309026
                        ],
                        [
                            74.038488,
                            23.305088
                        ],
                        [
                            74.034681,
                            23.303838
                        ],
                        [
                            74.033041,
                            23.310707
                        ],
                        [
                            74.027158,
                            23.318046
                        ],
                        [
                            74.029782,
                            23.330452
                        ],
                        [
                            74.020698,
                            23.330999
                        ],
                        [
                            74.000865,
                            23.33434
                        ],
                        [
                            73.987781,
                            23.335793
                        ],
                        [
                            73.983961,
                            23.339403
                        ],
                        [
                            73.981496,
                            23.34762
                        ],
                        [
                            73.980506,
                            23.35801
                        ],
                        [
                            73.975925,
                            23.366014
                        ],
                        [
                            73.968047,
                            23.375321
                        ],
                        [
                            73.959458,
                            23.379592
                        ],
                        [
                            73.953903,
                            23.375849
                        ],
                        [
                            73.944236,
                            23.371741
                        ],
                        [
                            73.940644,
                            23.364568
                        ],
                        [
                            73.940736,
                            23.351826
                        ],
                        [
                            73.939521,
                            23.344171
                        ],
                        [
                            73.935775,
                            23.339656
                        ],
                        [
                            73.924677,
                            23.336135
                        ],
                        [
                            73.910787,
                            23.334254
                        ],
                        [
                            73.897984,
                            23.33421
                        ],
                        [
                            73.891004,
                            23.335435
                        ],
                        [
                            73.891688,
                            23.350886
                        ],
                        [
                            73.887945,
                            23.356912
                        ],
                        [
                            73.87619,
                            23.366432
                        ],
                        [
                            73.873811,
                            23.376656
                        ],
                        [
                            73.863515,
                            23.394113
                        ],
                        [
                            73.854185,
                            23.403144
                        ],
                        [
                            73.833174,
                            23.429067
                        ],
                        [
                            73.833529,
                            23.438513
                        ],
                        [
                            73.828854,
                            23.445134
                        ],
                        [
                            73.823599,
                            23.445239
                        ],
                        [
                            73.790782,
                            23.434012
                        ],
                        [
                            73.779645,
                            23.433082
                        ],
                        [
                            73.774418,
                            23.440796
                        ],
                        [
                            73.770513,
                            23.444349
                        ],
                        [
                            73.767578,
                            23.451065
                        ],
                        [
                            73.761278,
                            23.457062
                        ],
                        [
                            73.757188,
                            23.455309
                        ],
                        [
                            73.753109,
                            23.448079
                        ],
                        [
                            73.74784,
                            23.440975
                        ],
                        [
                            73.730401,
                            23.423436
                        ],
                        [
                            73.725202,
                            23.416844
                        ],
                        [
                            73.723593,
                            23.413465
                        ],
                        [
                            73.722522,
                            23.411219
                        ],
                        [
                            73.716665,
                            23.413402
                        ],
                        [
                            73.71358,
                            23.417411
                        ],
                        [
                            73.709922,
                            23.432259
                        ],
                        [
                            73.705973,
                            23.443077
                        ],
                        [
                            73.700592,
                            23.454371
                        ],
                        [
                            73.69031,
                            23.457511
                        ],
                        [
                            73.678217,
                            23.455709
                        ],
                        [
                            73.664975,
                            23.450576
                        ],
                        [
                            73.657046,
                            23.445916
                        ],
                        [
                            73.64941,
                            23.439171
                        ],
                        [
                            73.634257,
                            23.449042
                        ],
                        [
                            73.628903,
                            23.4511
                        ],
                        [
                            73.636865,
                            23.47174
                        ],
                        [
                            73.640097,
                            23.495469
                        ],
                        [
                            73.641181,
                            23.49742
                        ],
                        [
                            73.648894,
                            23.499604
                        ],
                        [
                            73.654741,
                            23.502783
                        ],
                        [
                            73.654785,
                            23.512814
                        ],
                        [
                            73.653674,
                            23.514847
                        ],
                        [
                            73.648537,
                            23.520074
                        ],
                        [
                            73.6333,
                            23.529829
                        ],
                        [
                            73.633471,
                            23.546722
                        ],
                        [
                            73.634616,
                            23.561249
                        ],
                        [
                            73.639256,
                            23.568303
                        ],
                        [
                            73.646195,
                            23.574015
                        ],
                        [
                            73.64763,
                            23.579536
                        ],
                        [
                            73.645156,
                            23.589355
                        ],
                        [
                            73.644483,
                            23.597326
                        ],
                        [
                            73.646454,
                            23.606364
                        ],
                        [
                            73.657249,
                            23.621548
                        ],
                        [
                            73.646899,
                            23.625556
                        ],
                        [
                            73.638734,
                            23.629953
                        ],
                        [
                            73.629414,
                            23.63723
                        ],
                        [
                            73.61545,
                            23.650145
                        ],
                        [
                            73.604956,
                            23.653055
                        ],
                        [
                            73.573596,
                            23.654162
                        ],
                        [
                            73.567055,
                            23.652315
                        ],
                        [
                            73.549198,
                            23.630193
                        ],
                        [
                            73.537598,
                            23.621515
                        ],
                        [
                            73.528369,
                            23.612415
                        ],
                        [
                            73.522831,
                            23.609514
                        ],
                        [
                            73.509559,
                            23.615724
                        ],
                        [
                            73.50633,
                            23.619613
                        ],
                        [
                            73.501772,
                            23.627774
                        ],
                        [
                            73.497176,
                            23.632766
                        ],
                        [
                            73.497443,
                            23.634377
                        ],
                        [
                            73.504556,
                            23.638307
                        ],
                        [
                            73.507737,
                            23.643992
                        ],
                        [
                            73.496639,
                            23.649667
                        ],
                        [
                            73.503342,
                            23.656654
                        ],
                        [
                            73.503943,
                            23.661549
                        ],
                        [
                            73.507115,
                            23.672309
                        ],
                        [
                            73.507418,
                            23.678996
                        ],
                        [
                            73.506562,
                            23.695895
                        ],
                        [
                            73.504742,
                            23.702252
                        ],
                        [
                            73.498129,
                            23.705585
                        ],
                        [
                            73.481763,
                            23.703971
                        ],
                        [
                            73.47541,
                            23.707945
                        ],
                        [
                            73.472753,
                            23.720012
                        ],
                        [
                            73.469031,
                            23.724767
                        ],
                        [
                            73.458889,
                            23.733315
                        ],
                        [
                            73.451044,
                            23.738736
                        ],
                        [
                            73.447415,
                            23.747869
                        ],
                        [
                            73.446945,
                            23.751617
                        ],
                        [
                            73.428283,
                            23.761144
                        ],
                        [
                            73.423744,
                            23.765503
                        ],
                        [
                            73.416572,
                            23.778415
                        ],
                        [
                            73.409567,
                            23.780187
                        ],
                        [
                            73.404698,
                            23.782702
                        ],
                        [
                            73.396049,
                            23.783101
                        ],
                        [
                            73.389928,
                            23.777598
                        ],
                        [
                            73.385837,
                            23.7684
                        ],
                        [
                            73.371843,
                            23.76584
                        ],
                        [
                            73.367285,
                            23.777051
                        ],
                        [
                            73.363632,
                            23.782841
                        ],
                        [
                            73.358586,
                            23.786626
                        ],
                        [
                            73.35705,
                            23.790846
                        ],
                        [
                            73.358789,
                            23.796942
                        ],
                        [
                            73.366434,
                            23.813566
                        ],
                        [
                            73.368692,
                            23.821104
                        ],
                        [
                            73.367954,
                            23.831256
                        ],
                        [
                            73.365555,
                            23.837735
                        ],
                        [
                            73.355894,
                            23.853825
                        ],
                        [
                            73.358138,
                            23.861074
                        ],
                        [
                            73.362153,
                            23.868266
                        ],
                        [
                            73.36735,
                            23.875037
                        ],
                        [
                            73.373099,
                            23.887974
                        ],
                        [
                            73.378538,
                            23.894167
                        ],
                        [
                            73.382708,
                            23.904928
                        ],
                        [
                            73.392352,
                            23.915942
                        ],
                        [
                            73.398511,
                            23.917348
                        ],
                        [
                            73.404021,
                            23.915233
                        ],
                        [
                            73.416446,
                            23.92249
                        ],
                        [
                            73.419801,
                            23.926681
                        ],
                        [
                            73.421027,
                            23.930145
                        ],
                        [
                            73.416745,
                            23.935552
                        ],
                        [
                            73.415503,
                            23.952899
                        ],
                        [
                            73.417883,
                            23.973765
                        ],
                        [
                            73.415996,
                            23.981759
                        ],
                        [
                            73.410381,
                            23.987543
                        ],
                        [
                            73.401472,
                            23.989671
                        ],
                        [
                            73.407051,
                            23.997448
                        ],
                        [
                            73.407253,
                            24.001667
                        ],
                        [
                            73.405704,
                            24.014968
                        ],
                        [
                            73.407949,
                            24.02429
                        ],
                        [
                            73.407888,
                            24.033956
                        ],
                        [
                            73.410286,
                            24.05018
                        ],
                        [
                            73.400704,
                            24.064331
                        ],
                        [
                            73.393109,
                            24.071672
                        ],
                        [
                            73.381764,
                            24.078756
                        ],
                        [
                            73.376286,
                            24.08333
                        ],
                        [
                            73.371245,
                            24.086265
                        ],
                        [
                            73.366089,
                            24.087185
                        ],
                        [
                            73.366129,
                            24.11169
                        ],
                        [
                            73.370019,
                            24.127334
                        ],
                        [
                            73.357295,
                            24.113315
                        ],
                        [
                            73.339224,
                            24.11509
                        ],
                        [
                            73.331591,
                            24.114392
                        ],
                        [
                            73.328274,
                            24.103289
                        ],
                        [
                            73.33088,
                            24.081848
                        ],
                        [
                            73.328844,
                            24.072948
                        ],
                        [
                            73.322861,
                            24.061789
                        ],
                        [
                            73.314732,
                            24.056088
                        ],
                        [
                            73.307645,
                            24.053923
                        ],
                        [
                            73.303052,
                            24.050775
                        ],
                        [
                            73.294094,
                            24.036114
                        ],
                        [
                            73.287169,
                            24.026751
                        ],
                        [
                            73.278866,
                            24.02819
                        ],
                        [
                            73.271406,
                            24.027404
                        ],
                        [
                            73.259955,
                            24.019509
                        ],
                        [
                            73.252396,
                            24.012601
                        ],
                        [
                            73.248536,
                            24.010552
                        ],
                        [
                            73.241802,
                            24.010168
                        ],
                        [
                            73.238559,
                            24.012251
                        ],
                        [
                            73.236295,
                            24.017778
                        ],
                        [
                            73.231109,
                            24.019577
                        ],
                        [
                            73.225358,
                            24.023511
                        ],
                        [
                            73.225301,
                            24.027604
                        ],
                        [
                            73.219234,
                            24.031888
                        ],
                        [
                            73.204051,
                            24.039006
                        ],
                        [
                            73.196564,
                            24.044786
                        ],
                        [
                            73.194863,
                            24.05101
                        ],
                        [
                            73.197034,
                            24.056938
                        ],
                        [
                            73.205086,
                            24.066157
                        ],
                        [
                            73.209669,
                            24.075296
                        ],
                        [
                            73.210417,
                            24.07971
                        ],
                        [
                            73.212754,
                            24.084771
                        ],
                        [
                            73.216449,
                            24.088802
                        ],
                        [
                            73.218706,
                            24.093012
                        ],
                        [
                            73.219875,
                            24.097719
                        ],
                        [
                            73.211858,
                            24.101218
                        ],
                        [
                            73.208332,
                            24.103664
                        ],
                        [
                            73.196039,
                            24.107941
                        ],
                        [
                            73.193614,
                            24.110348
                        ],
                        [
                            73.189864,
                            24.104745
                        ],
                        [
                            73.187901,
                            24.106116
                        ],
                        [
                            73.182865,
                            24.107276
                        ],
                        [
                            73.167688,
                            24.110931
                        ],
                        [
                            73.163508,
                            24.115896
                        ],
                        [
                            73.157086,
                            24.119706
                        ],
                        [
                            73.151402,
                            24.121517
                        ],
                        [
                            73.14306,
                            24.122207
                        ],
                        [
                            73.134355,
                            24.127757
                        ],
                        [
                            73.119252,
                            24.140032
                        ],
                        [
                            73.109999,
                            24.138323
                        ],
                        [
                            73.112386,
                            24.152596
                        ],
                        [
                            73.108907,
                            24.157534
                        ],
                        [
                            73.098287,
                            24.164983
                        ],
                        [
                            73.086788,
                            24.175075
                        ],
                        [
                            73.078513,
                            24.184798
                        ],
                        [
                            73.077153,
                            24.191667
                        ],
                        [
                            73.077818,
                            24.196466
                        ],
                        [
                            73.083104,
                            24.200613
                        ],
                        [
                            73.087643,
                            24.220686
                        ],
                        [
                            73.097158,
                            24.223048
                        ],
                        [
                            73.101971,
                            24.225919
                        ],
                        [
                            73.105465,
                            24.229226
                        ],
                        [
                            73.107194,
                            24.230863
                        ],
                        [
                            73.102516,
                            24.232073
                        ],
                        [
                            73.102155,
                            24.232167
                        ],
                        [
                            73.097899,
                            24.234633
                        ],
                        [
                            73.096896,
                            24.237499
                        ],
                        [
                            73.101755,
                            24.244083
                        ],
                        [
                            73.102905,
                            24.248726
                        ],
                        [
                            73.105909,
                            24.253754
                        ],
                        [
                            73.11214,
                            24.262345
                        ],
                        [
                            73.135109,
                            24.279763
                        ],
                        [
                            73.140066,
                            24.299177
                        ],
                        [
                            73.141172,
                            24.307553
                        ],
                        [
                            73.147496,
                            24.310474
                        ],
                        [
                            73.154176,
                            24.307519
                        ],
                        [
                            73.169601,
                            24.300693
                        ],
                        [
                            73.176942,
                            24.301116
                        ],
                        [
                            73.181142,
                            24.30872
                        ],
                        [
                            73.182813,
                            24.319794
                        ],
                        [
                            73.182499,
                            24.326595
                        ],
                        [
                            73.183424,
                            24.334556
                        ],
                        [
                            73.18937,
                            24.343181
                        ],
                        [
                            73.194365,
                            24.339353
                        ],
                        [
                            73.197844,
                            24.333676
                        ],
                        [
                            73.207523,
                            24.333788
                        ],
                        [
                            73.212953,
                            24.350014
                        ],
                        [
                            73.222163,
                            24.356002
                        ],
                        [
                            73.228053,
                            24.364181
                        ],
                        [
                            73.207514,
                            24.374989
                        ],
                        [
                            73.197234,
                            24.366376
                        ],
                        [
                            73.186835,
                            24.355371
                        ],
                        [
                            73.176597,
                            24.3503
                        ],
                        [
                            73.166343,
                            24.35032
                        ],
                        [
                            73.158359,
                            24.352352
                        ],
                        [
                            73.150898,
                            24.356111
                        ],
                        [
                            73.141658,
                            24.362756
                        ],
                        [
                            73.133625,
                            24.364165
                        ],
                        [
                            73.123682,
                            24.368574
                        ],
                        [
                            73.114923,
                            24.375504
                        ],
                        [
                            73.107481,
                            24.386586
                        ],
                        [
                            73.104947,
                            24.387252
                        ],
                        [
                            73.09449,
                            24.385328
                        ],
                        [
                            73.081186,
                            24.394318
                        ],
                        [
                            73.080653,
                            24.397497
                        ],
                        [
                            73.084869,
                            24.39993
                        ],
                        [
                            73.086988,
                            24.408613
                        ],
                        [
                            73.089327,
                            24.412956
                        ],
                        [
                            73.093036,
                            24.417027
                        ],
                        [
                            73.102577,
                            24.420127
                        ],
                        [
                            73.104673,
                            24.426116
                        ],
                        [
                            73.105188,
                            24.432208
                        ],
                        [
                            73.102983,
                            24.445181
                        ],
                        [
                            73.104048,
                            24.45162
                        ],
                        [
                            73.103601,
                            24.456631
                        ],
                        [
                            73.094938,
                            24.47244
                        ],
                        [
                            73.095347,
                            24.491323
                        ],
                        [
                            73.090797,
                            24.494576
                        ],
                        [
                            73.080219,
                            24.490079
                        ],
                        [
                            73.07122,
                            24.48257
                        ],
                        [
                            73.066406,
                            24.48077
                        ],
                        [
                            73.063466,
                            24.474482
                        ],
                        [
                            73.053569,
                            24.472548
                        ],
                        [
                            73.049649,
                            24.466425
                        ],
                        [
                            73.047295,
                            24.465199
                        ],
                        [
                            73.029405,
                            24.463677
                        ],
                        [
                            73.02339,
                            24.465107
                        ],
                        [
                            73.018035,
                            24.465118
                        ],
                        [
                            73.008972,
                            24.482432
                        ],
                        [
                            73.002927,
                            24.476319
                        ],
                        [
                            72.996467,
                            24.470683
                        ],
                        [
                            72.994106,
                            24.4681
                        ],
                        [
                            72.98517,
                            24.457077
                        ],
                        [
                            72.977037,
                            24.451146
                        ],
                        [
                            72.979283,
                            24.440388
                        ],
                        [
                            72.985335,
                            24.4328
                        ],
                        [
                            72.986619,
                            24.420964
                        ],
                        [
                            72.975331,
                            24.405732
                        ],
                        [
                            72.968373,
                            24.402039
                        ],
                        [
                            72.960056,
                            24.392331
                        ],
                        [
                            72.959129,
                            24.383862
                        ],
                        [
                            72.961981,
                            24.383163
                        ],
                        [
                            72.970518,
                            24.383526
                        ],
                        [
                            72.977193,
                            24.380136
                        ],
                        [
                            72.983395,
                            24.375176
                        ],
                        [
                            72.987918,
                            24.368253
                        ],
                        [
                            72.987349,
                            24.364011
                        ],
                        [
                            72.973328,
                            24.358925
                        ],
                        [
                            72.961188,
                            24.351226
                        ],
                        [
                            72.957574,
                            24.348892
                        ],
                        [
                            72.94173,
                            24.339432
                        ],
                        [
                            72.929447,
                            24.336373
                        ],
                        [
                            72.924689,
                            24.332853
                        ],
                        [
                            72.919555,
                            24.326525
                        ],
                        [
                            72.916711,
                            24.327454
                        ],
                        [
                            72.911192,
                            24.333033
                        ],
                        [
                            72.905651,
                            24.340741
                        ],
                        [
                            72.896176,
                            24.351715
                        ],
                        [
                            72.879874,
                            24.361156
                        ],
                        [
                            72.863664,
                            24.366153
                        ],
                        [
                            72.849192,
                            24.366381
                        ],
                        [
                            72.834509,
                            24.365192
                        ],
                        [
                            72.82469,
                            24.365417
                        ],
                        [
                            72.810725,
                            24.358667
                        ],
                        [
                            72.788569,
                            24.360681
                        ],
                        [
                            72.768096,
                            24.361316
                        ],
                        [
                            72.743892,
                            24.358161
                        ],
                        [
                            72.734448,
                            24.359501
                        ],
                        [
                            72.727684,
                            24.361945
                        ],
                        [
                            72.712617,
                            24.37626
                        ],
                        [
                            72.701773,
                            24.392078
                        ],
                        [
                            72.688607,
                            24.420072
                        ],
                        [
                            72.68783,
                            24.442229
                        ],
                        [
                            72.692748,
                            24.453423
                        ],
                        [
                            72.692488,
                            24.458005
                        ],
                        [
                            72.688251,
                            24.460959
                        ],
                        [
                            72.679799,
                            24.460022
                        ],
                        [
                            72.669585,
                            24.457807
                        ],
                        [
                            72.653761,
                            24.457324
                        ],
                        [
                            72.634397,
                            24.462402
                        ],
                        [
                            72.599119,
                            24.470141
                        ],
                        [
                            72.583448,
                            24.473575
                        ],
                        [
                            72.577308,
                            24.478551
                        ],
                        [
                            72.569171,
                            24.489264
                        ],
                        [
                            72.554039,
                            24.495794
                        ],
                        [
                            72.54671,
                            24.501515
                        ],
                        [
                            72.542611,
                            24.506782
                        ],
                        [
                            72.539461,
                            24.508056
                        ],
                        [
                            72.537013,
                            24.50608
                        ],
                        [
                            72.513508,
                            24.474248
                        ],
                        [
                            72.508584,
                            24.465832
                        ],
                        [
                            72.506399,
                            24.448662
                        ],
                        [
                            72.495205,
                            24.451597
                        ],
                        [
                            72.499025,
                            24.432175
                        ],
                        [
                            72.504591,
                            24.419609
                        ],
                        [
                            72.502268,
                            24.411196
                        ],
                        [
                            72.495542,
                            24.40863
                        ],
                        [
                            72.481944,
                            24.406744
                        ],
                        [
                            72.459117,
                            24.408503
                        ],
                        [
                            72.458222,
                            24.422337
                        ],
                        [
                            72.455738,
                            24.428248
                        ],
                        [
                            72.452087,
                            24.434267
                        ],
                        [
                            72.450708,
                            24.439546
                        ],
                        [
                            72.440637,
                            24.449717
                        ],
                        [
                            72.431145,
                            24.461992
                        ],
                        [
                            72.433143,
                            24.480546
                        ],
                        [
                            72.440123,
                            24.489214
                        ],
                        [
                            72.442726,
                            24.494782
                        ],
                        [
                            72.440179,
                            24.501093
                        ],
                        [
                            72.437063,
                            24.505726
                        ],
                        [
                            72.430561,
                            24.506863
                        ],
                        [
                            72.420533,
                            24.509857
                        ],
                        [
                            72.41563,
                            24.509606
                        ],
                        [
                            72.392139,
                            24.501883
                        ],
                        [
                            72.384931,
                            24.500473
                        ],
                        [
                            72.380721,
                            24.502139
                        ],
                        [
                            72.365288,
                            24.530449
                        ],
                        [
                            72.369276,
                            24.531622
                        ],
                        [
                            72.369665,
                            24.533305
                        ],
                        [
                            72.368635,
                            24.535216
                        ],
                        [
                            72.368358,
                            24.539038
                        ],
                        [
                            72.363011,
                            24.538215
                        ],
                        [
                            72.359874,
                            24.541045
                        ],
                        [
                            72.356003,
                            24.54503
                        ],
                        [
                            72.352356,
                            24.554243
                        ],
                        [
                            72.342995,
                            24.55525
                        ],
                        [
                            72.337666,
                            24.556744
                        ],
                        [
                            72.334953,
                            24.559288
                        ],
                        [
                            72.329251,
                            24.560479
                        ],
                        [
                            72.327981,
                            24.55764
                        ],
                        [
                            72.331355,
                            24.545936
                        ],
                        [
                            72.326741,
                            24.544235
                        ],
                        [
                            72.296048,
                            24.542448
                        ],
                        [
                            72.289317,
                            24.540336
                        ],
                        [
                            72.287592,
                            24.541898
                        ],
                        [
                            72.288139,
                            24.546822
                        ],
                        [
                            72.286135,
                            24.552381
                        ],
                        [
                            72.285935,
                            24.557196
                        ],
                        [
                            72.284283,
                            24.560202
                        ],
                        [
                            72.279311,
                            24.559372
                        ],
                        [
                            72.265831,
                            24.552132
                        ],
                        [
                            72.245163,
                            24.582203
                        ],
                        [
                            72.270984,
                            24.601154
                        ],
                        [
                            72.273548,
                            24.601969
                        ],
                        [
                            72.287369,
                            24.599013
                        ],
                        [
                            72.294668,
                            24.602057
                        ],
                        [
                            72.298936,
                            24.59917
                        ],
                        [
                            72.303276,
                            24.592753
                        ],
                        [
                            72.308382,
                            24.587261
                        ],
                        [
                            72.312232,
                            24.58681
                        ],
                        [
                            72.320389,
                            24.58869
                        ],
                        [
                            72.336668,
                            24.595306
                        ],
                        [
                            72.339957,
                            24.601226
                        ],
                        [
                            72.34365,
                            24.604079
                        ],
                        [
                            72.343497,
                            24.613768
                        ],
                        [
                            72.344639,
                            24.616443
                        ],
                        [
                            72.347632,
                            24.618014
                        ],
                        [
                            72.348339,
                            24.619868
                        ],
                        [
                            72.342525,
                            24.623104
                        ],
                        [
                            72.334712,
                            24.624799
                        ],
                        [
                            72.32547,
                            24.613707
                        ],
                        [
                            72.31818,
                            24.610784
                        ],
                        [
                            72.30948,
                            24.610753
                        ],
                        [
                            72.303723,
                            24.613862
                        ],
                        [
                            72.300588,
                            24.616865
                        ],
                        [
                            72.294072,
                            24.618116
                        ],
                        [
                            72.28802,
                            24.615132
                        ],
                        [
                            72.269086,
                            24.624227
                        ],
                        [
                            72.268467,
                            24.624131
                        ],
                        [
                            72.254879,
                            24.622773
                        ],
                        [
                            72.248468,
                            24.623437
                        ],
                        [
                            72.243163,
                            24.622843
                        ],
                        [
                            72.23626,
                            24.625425
                        ],
                        [
                            72.227845,
                            24.632928
                        ],
                        [
                            72.224183,
                            24.635003
                        ],
                        [
                            72.210513,
                            24.622368
                        ],
                        [
                            72.20508,
                            24.621182
                        ],
                        [
                            72.202396,
                            24.619433
                        ],
                        [
                            72.204733,
                            24.614744
                        ],
                        [
                            72.201055,
                            24.614261
                        ],
                        [
                            72.195531,
                            24.618359
                        ],
                        [
                            72.179918,
                            24.611676
                        ],
                        [
                            72.169588,
                            24.614994
                        ],
                        [
                            72.159372,
                            24.616807
                        ],
                        [
                            72.155637,
                            24.618127
                        ],
                        [
                            72.154973,
                            24.621777
                        ],
                        [
                            72.147546,
                            24.633459
                        ],
                        [
                            72.144689,
                            24.63646
                        ],
                        [
                            72.139894,
                            24.63725
                        ],
                        [
                            72.128663,
                            24.636206
                        ],
                        [
                            72.119183,
                            24.634075
                        ],
                        [
                            72.114884,
                            24.634409
                        ],
                        [
                            72.110413,
                            24.63583
                        ],
                        [
                            72.095685,
                            24.645849
                        ],
                        [
                            72.084726,
                            24.651234
                        ],
                        [
                            72.078695,
                            24.655313
                        ],
                        [
                            72.079313,
                            24.661289
                        ],
                        [
                            72.076247,
                            24.671049
                        ],
                        [
                            72.086189,
                            24.677312
                        ],
                        [
                            72.079164,
                            24.699593
                        ],
                        [
                            72.073471,
                            24.702945
                        ],
                        [
                            72.046306,
                            24.708482
                        ],
                        [
                            72.034645,
                            24.698185
                        ],
                        [
                            72.025358,
                            24.694556
                        ],
                        [
                            72.000942,
                            24.688801
                        ],
                        [
                            71.994708,
                            24.68581
                        ],
                        [
                            71.987663,
                            24.680406
                        ],
                        [
                            71.98343,
                            24.669912
                        ],
                        [
                            71.986933,
                            24.65956
                        ],
                        [
                            71.986778,
                            24.655979
                        ],
                        [
                            71.984285,
                            24.654247
                        ],
                        [
                            71.976317,
                            24.653737
                        ],
                        [
                            71.972609,
                            24.649841
                        ],
                        [
                            71.960816,
                            24.640866
                        ],
                        [
                            71.955583,
                            24.641393
                        ],
                        [
                            71.944153,
                            24.63555
                        ],
                        [
                            71.940765,
                            24.630565
                        ],
                        [
                            71.937495,
                            24.629772
                        ],
                        [
                            71.932804,
                            24.6306
                        ],
                        [
                            71.927783,
                            24.629865
                        ],
                        [
                            71.921278,
                            24.636851
                        ],
                        [
                            71.912053,
                            24.64928
                        ],
                        [
                            71.910524,
                            24.65398
                        ],
                        [
                            71.914666,
                            24.655304
                        ],
                        [
                            71.917381,
                            24.657549
                        ],
                        [
                            71.919303,
                            24.661775
                        ],
                        [
                            71.919271,
                            24.665142
                        ],
                        [
                            71.91341,
                            24.670434
                        ],
                        [
                            71.905401,
                            24.672716
                        ],
                        [
                            71.897446,
                            24.672175
                        ],
                        [
                            71.887041,
                            24.668916
                        ],
                        [
                            71.8842,
                            24.673272
                        ],
                        [
                            71.874549,
                            24.678887
                        ],
                        [
                            71.869673,
                            24.678383
                        ],
                        [
                            71.864283,
                            24.675461
                        ],
                        [
                            71.858109,
                            24.666165
                        ],
                        [
                            71.855878,
                            24.658005
                        ],
                        [
                            71.855659,
                            24.652736
                        ],
                        [
                            71.860911,
                            24.633254
                        ],
                        [
                            71.861744,
                            24.626709
                        ],
                        [
                            71.857729,
                            24.622789
                        ],
                        [
                            71.85396,
                            24.617307
                        ],
                        [
                            71.851372,
                            24.607424
                        ],
                        [
                            71.848511,
                            24.60935
                        ],
                        [
                            71.839552,
                            24.618147
                        ],
                        [
                            71.831556,
                            24.619696
                        ],
                        [
                            71.814299,
                            24.619958
                        ],
                        [
                            71.80843,
                            24.621728
                        ],
                        [
                            71.804633,
                            24.625224
                        ],
                        [
                            71.804406,
                            24.629337
                        ],
                        [
                            71.805502,
                            24.635937
                        ],
                        [
                            71.810326,
                            24.649281
                        ],
                        [
                            71.808054,
                            24.658095
                        ],
                        [
                            71.8059,
                            24.664303
                        ],
                        [
                            71.802111,
                            24.66936
                        ],
                        [
                            71.797562,
                            24.672512
                        ],
                        [
                            71.791938,
                            24.673995
                        ],
                        [
                            71.783864,
                            24.673624
                        ],
                        [
                            71.777415,
                            24.672383
                        ],
                        [
                            71.7511,
                            24.663886
                        ],
                        [
                            71.738498,
                            24.657923
                        ],
                        [
                            71.730051,
                            24.657101
                        ],
                        [
                            71.708975,
                            24.658066
                        ],
                        [
                            71.678515,
                            24.643665
                        ],
                        [
                            71.662242,
                            24.64043
                        ],
                        [
                            71.653973,
                            24.637169
                        ],
                        [
                            71.642676,
                            24.643877
                        ],
                        [
                            71.64363,
                            24.647109
                        ],
                        [
                            71.640766,
                            24.650369
                        ],
                        [
                            71.637348,
                            24.656517
                        ],
                        [
                            71.632981,
                            24.660073
                        ],
                        [
                            71.626546,
                            24.662069
                        ],
                        [
                            71.623124,
                            24.666591
                        ],
                        [
                            71.619493,
                            24.665969
                        ],
                        [
                            71.615748,
                            24.668302
                        ],
                        [
                            71.61319,
                            24.671036
                        ],
                        [
                            71.610696,
                            24.672438
                        ],
                        [
                            71.608952,
                            24.674758
                        ],
                        [
                            71.602372,
                            24.672642
                        ],
                        [
                            71.597175,
                            24.669651
                        ],
                        [
                            71.590098,
                            24.667999
                        ],
                        [
                            71.584722,
                            24.669751
                        ],
                        [
                            71.581923,
                            24.674343
                        ],
                        [
                            71.575376,
                            24.680732
                        ],
                        [
                            71.569435,
                            24.681623
                        ],
                        [
                            71.560664,
                            24.677778
                        ],
                        [
                            71.543578,
                            24.674938
                        ],
                        [
                            71.535766,
                            24.677915
                        ],
                        [
                            71.529088,
                            24.683269
                        ],
                        [
                            71.519385,
                            24.681564
                        ],
                        [
                            71.514813,
                            24.679666
                        ],
                        [
                            71.512998,
                            24.679902
                        ],
                        [
                            71.508245,
                            24.680786
                        ],
                        [
                            71.495539,
                            24.678277
                        ],
                        [
                            71.480276,
                            24.678379
                        ],
                        [
                            71.466111,
                            24.667771
                        ],
                        [
                            71.458723,
                            24.665355
                        ],
                        [
                            71.450717,
                            24.665905
                        ],
                        [
                            71.443269,
                            24.663492
                        ],
                        [
                            71.437065,
                            24.658643
                        ],
                        [
                            71.424104,
                            24.650856
                        ],
                        [
                            71.420653,
                            24.647276
                        ],
                        [
                            71.413953,
                            24.642837
                        ],
                        [
                            71.404566,
                            24.640077
                        ],
                        [
                            71.398625,
                            24.639454
                        ],
                        [
                            71.394365,
                            24.636336
                        ],
                        [
                            71.391168,
                            24.631775
                        ],
                        [
                            71.386042,
                            24.631846
                        ],
                        [
                            71.38129,
                            24.63307
                        ],
                        [
                            71.379843,
                            24.628787
                        ],
                        [
                            71.374526,
                            24.626545
                        ],
                        [
                            71.372209,
                            24.626256
                        ],
                        [
                            71.366648,
                            24.627948
                        ],
                        [
                            71.364149,
                            24.630675
                        ],
                        [
                            71.359087,
                            24.632192
                        ],
                        [
                            71.358468,
                            24.63683
                        ],
                        [
                            71.353418,
                            24.646564
                        ],
                        [
                            71.348181,
                            24.659028
                        ],
                        [
                            71.342488,
                            24.658226
                        ],
                        [
                            71.334162,
                            24.653263
                        ],
                        [
                            71.317832,
                            24.648021
                        ],
                        [
                            71.312948,
                            24.64543
                        ],
                        [
                            71.309066,
                            24.641032
                        ],
                        [
                            71.301299,
                            24.626226
                        ],
                        [
                            71.298671,
                            24.625009
                        ],
                        [
                            71.288904,
                            24.612806
                        ],
                        [
                            71.278279,
                            24.617919
                        ],
                        [
                            71.252019,
                            24.625838
                        ],
                        [
                            71.244017,
                            24.628972
                        ],
                        [
                            71.232572,
                            24.632004
                        ],
                        [
                            71.228883,
                            24.633916
                        ],
                        [
                            71.198244,
                            24.645066
                        ],
                        [
                            71.187986,
                            24.64849
                        ],
                        [
                            71.162467,
                            24.654519
                        ],
                        [
                            71.137502,
                            24.663774
                        ],
                        [
                            71.109974,
                            24.674526
                        ],
                        [
                            71.104026,
                            24.679527
                        ],
                        [
                            71.097821,
                            24.686577
                        ],
                        [
                            71.091068,
                            24.689302
                        ],
                        [
                            71.07717,
                            24.703849
                        ],
                        [
                            71.063496,
                            24.71808
                        ],
                        [
                            71.053448,
                            24.745071
                        ],
                        [
                            71.053012,
                            24.745862
                        ],
                        [
                            71.051643,
                            24.748331
                        ],
                        [
                            71.044508,
                            24.761695
                        ],
                        [
                            71.040989,
                            24.766839
                        ],
                        [
                            71.026058,
                            24.805059
                        ],
                        [
                            71.014355,
                            24.827524
                        ],
                        [
                            71.003215,
                            24.842281
                        ],
                        [
                            71.001893,
                            24.844949
                        ],
                        [
                            71.000362,
                            24.848072
                        ],
                        [
                            70.994804,
                            24.85934
                        ],
                        [
                            70.980366,
                            24.878993
                        ],
                        [
                            70.976117,
                            24.88373
                        ],
                        [
                            70.969455,
                            24.896296
                        ],
                        [
                            70.952708,
                            24.914895
                        ],
                        [
                            70.947051,
                            24.921093
                        ],
                        [
                            70.936309,
                            24.941284
                        ],
                        [
                            70.923472,
                            24.980305
                        ],
                        [
                            70.916507,
                            25.00158
                        ],
                        [
                            70.905665,
                            25.048497
                        ],
                        [
                            70.904745,
                            25.052475
                        ],
                        [
                            70.903055,
                            25.064866
                        ],
                        [
                            70.896493,
                            25.102062
                        ],
                        [
                            70.891294,
                            25.12676
                        ],
                        [
                            70.885519,
                            25.151174
                        ],
                        [
                            70.875781,
                            25.160742
                        ],
                        [
                            70.865987,
                            25.170436
                        ],
                        [
                            70.851983,
                            25.183028
                        ],
                        [
                            70.847158,
                            25.189495
                        ],
                        [
                            70.845415,
                            25.191077
                        ],
                        [
                            70.800515,
                            25.231294
                        ],
                        [
                            70.787341,
                            25.247378
                        ],
                        [
                            70.786752,
                            25.247871
                        ],
                        [
                            70.784677,
                            25.249678
                        ],
                        [
                            70.757576,
                            25.272696
                        ],
                        [
                            70.750178,
                            25.282751
                        ],
                        [
                            70.744722,
                            25.304129
                        ],
                        [
                            70.735465,
                            25.328848
                        ],
                        [
                            70.723474,
                            25.342712
                        ],
                        [
                            70.714371,
                            25.353157
                        ],
                        [
                            70.6971,
                            25.368185
                        ],
                        [
                            70.693136,
                            25.372209
                        ],
                        [
                            70.678225,
                            25.386484
                        ],
                        [
                            70.669884,
                            25.393585
                        ],
                        [
                            70.667854,
                            25.395347
                        ],
                        [
                            70.66687,
                            25.395331
                        ],
                        [
                            70.665338,
                            25.397573
                        ],
                        [
                            70.664852,
                            25.403217
                        ],
                        [
                            70.667465,
                            25.409335
                        ],
                        [
                            70.670245,
                            25.420012
                        ],
                        [
                            70.671015,
                            25.424767
                        ],
                        [
                            70.670938,
                            25.455733
                        ],
                        [
                            70.674363,
                            25.481808
                        ],
                        [
                            70.67649,
                            25.49782
                        ],
                        [
                            70.676758,
                            25.511709
                        ],
                        [
                            70.677532,
                            25.518973
                        ],
                        [
                            70.677091,
                            25.519514
                        ],
                        [
                            70.679453,
                            25.52566
                        ],
                        [
                            70.679337,
                            25.526548
                        ],
                        [
                            70.677092,
                            25.527529
                        ],
                        [
                            70.667773,
                            25.532249
                        ],
                        [
                            70.668119,
                            25.539442
                        ],
                        [
                            70.668216,
                            25.540932
                        ],
                        [
                            70.667447,
                            25.541467
                        ],
                        [
                            70.668453,
                            25.541717
                        ],
                        [
                            70.668545,
                            25.543553
                        ],
                        [
                            70.669047,
                            25.597122
                        ],
                        [
                            70.669113,
                            25.59892
                        ],
                        [
                            70.671183,
                            25.622467
                        ],
                        [
                            70.671691,
                            25.628248
                        ],
                        [
                            70.672831,
                            25.654884
                        ],
                        [
                            70.673076,
                            25.660608
                        ],
                        [
                            70.673115,
                            25.669233
                        ],
                        [
                            70.668158,
                            25.688806
                        ],
                        [
                            70.664934,
                            25.694534
                        ],
                        [
                            70.657982,
                            25.705806
                        ],
                        [
                            70.652816,
                            25.709723
                        ],
                        [
                            70.651234,
                            25.710361
                        ],
                        [
                            70.647447,
                            25.712411
                        ],
                        [
                            70.640862,
                            25.71456
                        ],
                        [
                            70.638859,
                            25.715219
                        ],
                        [
                            70.635946,
                            25.715265
                        ],
                        [
                            70.634464,
                            25.714576
                        ],
                        [
                            70.630395,
                            25.715465
                        ],
                        [
                            70.622798,
                            25.715463
                        ],
                        [
                            70.608945,
                            25.715428
                        ],
                        [
                            70.593564,
                            25.712118
                        ],
                        [
                            70.56644,
                            25.699561
                        ],
                        [
                            70.557484,
                            25.695402
                        ],
                        [
                            70.528628,
                            25.68615
                        ],
                        [
                            70.527774,
                            25.685867
                        ],
                        [
                            70.524316,
                            25.685343
                        ],
                        [
                            70.481706,
                            25.685314
                        ],
                        [
                            70.461686,
                            25.683809
                        ],
                        [
                            70.451069,
                            25.682954
                        ],
                        [
                            70.416514,
                            25.679215
                        ],
                        [
                            70.399897,
                            25.675988
                        ],
                        [
                            70.390733,
                            25.673558
                        ],
                        [
                            70.385486,
                            25.67392
                        ],
                        [
                            70.383349,
                            25.674388
                        ],
                        [
                            70.366226,
                            25.678335
                        ],
                        [
                            70.35666,
                            25.681624
                        ],
                        [
                            70.276059,
                            25.709261
                        ],
                        [
                            70.27041,
                            25.711628
                        ],
                        [
                            70.266739,
                            25.713792
                        ],
                        [
                            70.263126,
                            25.719133
                        ],
                        [
                            70.251649,
                            25.75281
                        ],
                        [
                            70.235391,
                            25.77687
                        ],
                        [
                            70.235003,
                            25.777275
                        ],
                        [
                            70.233367,
                            25.778989
                        ],
                        [
                            70.21467,
                            25.798627
                        ],
                        [
                            70.194089,
                            25.816083
                        ],
                        [
                            70.168784,
                            25.830484
                        ],
                        [
                            70.156234,
                            25.855301
                        ],
                        [
                            70.15237,
                            25.859977
                        ],
                        [
                            70.145618,
                            25.869885
                        ],
                        [
                            70.143255,
                            25.874296
                        ],
                        [
                            70.141949,
                            25.87592
                        ],
                        [
                            70.140952,
                            25.877369
                        ],
                        [
                            70.133798,
                            25.884913
                        ],
                        [
                            70.124419,
                            25.901659
                        ],
                        [
                            70.114455,
                            25.915069
                        ],
                        [
                            70.099271,
                            25.935462
                        ],
                        [
                            70.097228,
                            25.947622
                        ],
                        [
                            70.091831,
                            25.993083
                        ],
                        [
                            70.090765,
                            26.008728
                        ],
                        [
                            70.090005,
                            26.020116
                        ],
                        [
                            70.085813,
                            26.061644
                        ],
                        [
                            70.086415,
                            26.087857
                        ],
                        [
                            70.092949,
                            26.098012
                        ],
                        [
                            70.095147,
                            26.100601
                        ],
                        [
                            70.096629,
                            26.1023
                        ],
                        [
                            70.105921,
                            26.114118
                        ],
                        [
                            70.10765,
                            26.116151
                        ],
                        [
                            70.108261,
                            26.117121
                        ],
                        [
                            70.109508,
                            26.119147
                        ],
                        [
                            70.110047,
                            26.120029
                        ],
                        [
                            70.118172,
                            26.128697
                        ],
                        [
                            70.125742,
                            26.140226
                        ],
                        [
                            70.135308,
                            26.152507
                        ],
                        [
                            70.136052,
                            26.153347
                        ],
                        [
                            70.137041,
                            26.154465
                        ],
                        [
                            70.147462,
                            26.170364
                        ],
                        [
                            70.162946,
                            26.206297
                        ],
                        [
                            70.164437,
                            26.20977
                        ],
                        [
                            70.164921,
                            26.210852
                        ],
                        [
                            70.166412,
                            26.214326
                        ],
                        [
                            70.172114,
                            26.231136
                        ],
                        [
                            70.174015,
                            26.242004
                        ],
                        [
                            70.174171,
                            26.256685
                        ],
                        [
                            70.171988,
                            26.263878
                        ],
                        [
                            70.168768,
                            26.277138
                        ],
                        [
                            70.16826,
                            26.282316
                        ],
                        [
                            70.165777,
                            26.287222
                        ],
                        [
                            70.165739,
                            26.294015
                        ],
                        [
                            70.165702,
                            26.300887
                        ],
                        [
                            70.17449,
                            26.329997
                        ],
                        [
                            70.176285,
                            26.339049
                        ],
                        [
                            70.180946,
                            26.354805
                        ],
                        [
                            70.183538,
                            26.361418
                        ],
                        [
                            70.184191,
                            26.375442
                        ],
                        [
                            70.183222,
                            26.386002
                        ],
                        [
                            70.181772,
                            26.392328
                        ],
                        [
                            70.177923,
                            26.424052
                        ],
                        [
                            70.177699,
                            26.425882
                        ],
                        [
                            70.178494,
                            26.440352
                        ],
                        [
                            70.182534,
                            26.477641
                        ],
                        [
                            70.183317,
                            26.484263
                        ],
                        [
                            70.182136,
                            26.496216
                        ],
                        [
                            70.178757,
                            26.506085
                        ],
                        [
                            70.176371,
                            26.538086
                        ],
                        [
                            70.1733,
                            26.551099
                        ],
                        [
                            70.164016,
                            26.560417
                        ],
                        [
                            70.154165,
                            26.566757
                        ],
                        [
                            70.153,
                            26.567463
                        ],
                        [
                            70.152559,
                            26.567735
                        ],
                        [
                            70.139111,
                            26.573018
                        ],
                        [
                            70.124734,
                            26.582865
                        ],
                        [
                            70.11892,
                            26.586835
                        ],
                        [
                            70.11786,
                            26.588395
                        ],
                        [
                            70.111743,
                            26.590065
                        ],
                        [
                            70.106959,
                            26.592689
                        ],
                        [
                            70.098606,
                            26.594996
                        ],
                        [
                            70.064332,
                            26.600175
                        ],
                        [
                            70.049868,
                            26.600971
                        ],
                        [
                            70.048466,
                            26.600965
                        ],
                        [
                            70.041752,
                            26.599039
                        ],
                        [
                            70.018536,
                            26.594845
                        ],
                        [
                            70.003142,
                            26.592134
                        ],
                        [
                            69.973985,
                            26.587917
                        ],
                        [
                            69.912959,
                            26.582823
                        ],
                        [
                            69.894882,
                            26.581311
                        ],
                        [
                            69.884323,
                            26.581168
                        ],
                        [
                            69.882871,
                            26.581093
                        ],
                        [
                            69.879365,
                            26.580562
                        ],
                        [
                            69.874801,
                            26.582267
                        ],
                        [
                            69.859265,
                            26.585871
                        ],
                        [
                            69.851147,
                            26.587004
                        ],
                        [
                            69.84792,
                            26.587435
                        ],
                        [
                            69.838601,
                            26.588582
                        ],
                        [
                            69.804437,
                            26.597636
                        ],
                        [
                            69.800776,
                            26.599001
                        ],
                        [
                            69.79906,
                            26.600088
                        ],
                        [
                            69.776084,
                            26.614042
                        ],
                        [
                            69.765789,
                            26.62252
                        ],
                        [
                            69.736986,
                            26.646316
                        ],
                        [
                            69.736704,
                            26.647224
                        ],
                        [
                            69.722378,
                            26.654573
                        ],
                        [
                            69.710903,
                            26.661997
                        ],
                        [
                            69.69879,
                            26.665912
                        ],
                        [
                            69.677629,
                            26.674517
                        ],
                        [
                            69.670283,
                            26.676831
                        ],
                        [
                            69.638389,
                            26.692339
                        ],
                        [
                            69.634094,
                            26.693359
                        ],
                        [
                            69.603588,
                            26.704872
                        ],
                        [
                            69.597479,
                            26.70762
                        ],
                        [
                            69.591492,
                            26.710504
                        ],
                        [
                            69.570835,
                            26.720415
                        ],
                        [
                            69.552976,
                            26.728058
                        ],
                        [
                            69.537788,
                            26.733554
                        ],
                        [
                            69.514688,
                            26.741958
                        ],
                        [
                            69.513835,
                            26.743109
                        ],
                        [
                            69.510916,
                            26.745762
                        ],
                        [
                            69.506879,
                            26.75078
                        ],
                        [
                            69.505558,
                            26.753015
                        ],
                        [
                            69.500457,
                            26.767766
                        ],
                        [
                            69.490068,
                            26.789746
                        ],
                        [
                            69.486418,
                            26.799422
                        ],
                        [
                            69.484365,
                            26.808002
                        ],
                        [
                            69.485828,
                            26.818624
                        ],
                        [
                            69.487807,
                            26.831536
                        ],
                        [
                            69.498888,
                            26.871981
                        ],
                        [
                            69.501545,
                            26.894492
                        ],
                        [
                            69.508566,
                            26.953823
                        ],
                        [
                            69.510186,
                            26.970206
                        ],
                        [
                            69.514167,
                            27.00956
                        ],
                        [
                            69.515187,
                            27.013869
                        ],
                        [
                            69.515426,
                            27.014428
                        ],
                        [
                            69.528335,
                            27.042652
                        ],
                        [
                            69.538538,
                            27.065001
                        ],
                        [
                            69.551526,
                            27.102655
                        ],
                        [
                            69.551762,
                            27.10332
                        ],
                        [
                            69.553002,
                            27.105467
                        ],
                        [
                            69.563021,
                            27.123156
                        ],
                        [
                            69.567123,
                            27.134036
                        ],
                        [
                            69.578012,
                            27.156978
                        ],
                        [
                            69.578547,
                            27.157949
                        ],
                        [
                            69.584131,
                            27.173295
                        ],
                        [
                            69.589685,
                            27.182938
                        ],
                        [
                            69.60309,
                            27.195095
                        ],
                        [
                            69.608079,
                            27.197263
                        ],
                        [
                            69.610465,
                            27.198075
                        ],
                        [
                            69.611076,
                            27.198254
                        ],
                        [
                            69.619694,
                            27.205919
                        ],
                        [
                            69.635836,
                            27.21859
                        ],
                        [
                            69.642495,
                            27.223249
                        ],
                        [
                            69.653815,
                            27.233443
                        ],
                        [
                            69.671903,
                            27.254199
                        ],
                        [
                            69.681303,
                            27.262629
                        ],
                        [
                            69.685336,
                            27.265934
                        ],
                        [
                            69.705096,
                            27.285228
                        ],
                        [
                            69.713511,
                            27.291532
                        ],
                        [
                            69.76395,
                            27.324657
                        ],
                        [
                            69.786662,
                            27.346621
                        ],
                        [
                            69.790385,
                            27.350221
                        ],
                        [
                            69.792276,
                            27.351458
                        ],
                        [
                            69.810528,
                            27.362627
                        ],
                        [
                            69.834862,
                            27.382264
                        ],
                        [
                            69.853136,
                            27.393856
                        ],
                        [
                            69.871667,
                            27.409184
                        ],
                        [
                            69.889668,
                            27.42986
                        ],
                        [
                            69.897166,
                            27.438423
                        ],
                        [
                            69.913235,
                            27.460435
                        ],
                        [
                            69.922134,
                            27.476912
                        ],
                        [
                            69.924955,
                            27.480855
                        ],
                        [
                            69.926224,
                            27.484205
                        ],
                        [
                            69.940787,
                            27.502492
                        ],
                        [
                            69.959359,
                            27.518311
                        ],
                        [
                            69.964792,
                            27.522875
                        ],
                        [
                            69.977809,
                            27.532286
                        ],
                        [
                            69.985089,
                            27.536994
                        ],
                        [
                            69.993295,
                            27.541755
                        ],
                        [
                            69.999509,
                            27.545106
                        ],
                        [
                            70.024647,
                            27.561317
                        ],
                        [
                            70.032313,
                            27.571803
                        ],
                        [
                            70.034631,
                            27.57561
                        ],
                        [
                            70.035607,
                            27.577564
                        ],
                        [
                            70.039678,
                            27.585994
                        ],
                        [
                            70.049868,
                            27.612868
                        ],
                        [
                            70.056038,
                            27.623731
                        ],
                        [
                            70.057689,
                            27.629342
                        ],
                        [
                            70.058039,
                            27.630704
                        ],
                        [
                            70.059396,
                            27.634772
                        ],
                        [
                            70.0605,
                            27.636886
                        ],
                        [
                            70.075063,
                            27.66421
                        ],
                        [
                            70.082145,
                            27.684452
                        ],
                        [
                            70.088397,
                            27.697298
                        ],
                        [
                            70.095491,
                            27.714394
                        ],
                        [
                            70.096245,
                            27.716048
                        ],
                        [
                            70.099495,
                            27.725583
                        ],
                        [
                            70.101164,
                            27.732501
                        ],
                        [
                            70.110035,
                            27.749914
                        ],
                        [
                            70.113211,
                            27.756452
                        ],
                        [
                            70.11863,
                            27.771705
                        ],
                        [
                            70.121426,
                            27.781031
                        ],
                        [
                            70.134689,
                            27.807024
                        ],
                        [
                            70.146211,
                            27.819001
                        ],
                        [
                            70.154222,
                            27.827297
                        ],
                        [
                            70.19732,
                            27.866541
                        ],
                        [
                            70.198473,
                            27.867891
                        ],
                        [
                            70.200035,
                            27.8693
                        ],
                        [
                            70.205343,
                            27.876615
                        ],
                        [
                            70.224887,
                            27.898386
                        ],
                        [
                            70.23689,
                            27.906476
                        ],
                        [
                            70.241544,
                            27.90825
                        ],
                        [
                            70.25016,
                            27.91359
                        ],
                        [
                            70.253293,
                            27.916263
                        ],
                        [
                            70.273133,
                            27.924989
                        ],
                        [
                            70.29355,
                            27.936596
                        ],
                        [
                            70.303643,
                            27.943997
                        ],
                        [
                            70.31026,
                            27.948879
                        ],
                        [
                            70.348961,
                            27.98919
                        ],
                        [
                            70.355356,
                            27.995856
                        ],
                        [
                            70.370817,
                            28.009252
                        ],
                        [
                            70.370925,
                            28.010031
                        ],
                        [
                            70.371783,
                            28.010833
                        ],
                        [
                            70.374314,
                            28.012032
                        ],
                        [
                            70.392485,
                            28.012931
                        ],
                        [
                            70.410473,
                            28.016073
                        ],
                        [
                            70.442387,
                            28.021575
                        ],
                        [
                            70.474978,
                            28.032439
                        ],
                        [
                            70.476184,
                            28.032806
                        ],
                        [
                            70.496723,
                            28.036583
                        ],
                        [
                            70.536504,
                            28.032125
                        ],
                        [
                            70.539935,
                            28.031295
                        ],
                        [
                            70.547502,
                            28.029391
                        ],
                        [
                            70.563268,
                            28.022545
                        ],
                        [
                            70.569289,
                            28.019163
                        ],
                        [
                            70.592453,
                            28.009645
                        ],
                        [
                            70.593755,
                            28.00808
                        ],
                        [
                            70.594059,
                            28.006046
                        ],
                        [
                            70.596693,
                            28.002701
                        ],
                        [
                            70.597195,
                            28.002266
                        ],
                        [
                            70.597229,
                            28.000713
                        ],
                        [
                            70.599269,
                            28.000747
                        ],
                        [
                            70.601641,
                            27.998743
                        ],
                        [
                            70.60271,
                            27.994905
                        ],
                        [
                            70.603739,
                            27.99394
                        ],
                        [
                            70.614682,
                            27.984062
                        ],
                        [
                            70.619152,
                            27.97714
                        ],
                        [
                            70.642929,
                            27.956705
                        ],
                        [
                            70.668356,
                            27.934887
                        ],
                        [
                            70.671965,
                            27.929261
                        ],
                        [
                            70.677014,
                            27.923949
                        ],
                        [
                            70.681032,
                            27.891043
                        ],
                        [
                            70.680367,
                            27.872764
                        ],
                        [
                            70.680316,
                            27.870359
                        ],
                        [
                            70.683842,
                            27.842079
                        ],
                        [
                            70.687445,
                            27.82815
                        ],
                        [
                            70.699499,
                            27.810982
                        ],
                        [
                            70.709024,
                            27.799802
                        ],
                        [
                            70.71455,
                            27.790854
                        ],
                        [
                            70.716452,
                            27.788798
                        ],
                        [
                            70.717739,
                            27.787626
                        ],
                        [
                            70.721429,
                            27.782638
                        ],
                        [
                            70.737556,
                            27.751517
                        ],
                        [
                            70.738965,
                            27.749432
                        ],
                        [
                            70.740499,
                            27.748795
                        ],
                        [
                            70.741879,
                            27.746929
                        ],
                        [
                            70.744589,
                            27.743051
                        ],
                        [
                            70.746358,
                            27.743537
                        ],
                        [
                            70.762437,
                            27.728936
                        ],
                        [
                            70.762663,
                            27.728001
                        ],
                        [
                            70.765482,
                            27.726187
                        ],
                        [
                            70.767855,
                            27.724899
                        ],
                        [
                            70.78702,
                            27.720315
                        ],
                        [
                            70.79956,
                            27.718366
                        ],
                        [
                            70.817241,
                            27.714424
                        ],
                        [
                            70.839683,
                            27.713384
                        ],
                        [
                            70.856252,
                            27.712175
                        ],
                        [
                            70.867932,
                            27.710614
                        ],
                        [
                            70.869743,
                            27.710097
                        ],
                        [
                            70.882538,
                            27.708226
                        ],
                        [
                            70.896394,
                            27.71
                        ],
                        [
                            70.9053,
                            27.71037
                        ],
                        [
                            70.948534,
                            27.728396
                        ],
                        [
                            70.95035,
                            27.729139
                        ],
                        [
                            70.960189,
                            27.732224
                        ],
                        [
                            70.968349,
                            27.736026
                        ],
                        [
                            70.983072,
                            27.743622
                        ],
                        [
                            71.032892,
                            27.766479
                        ],
                        [
                            71.054895,
                            27.773044
                        ],
                        [
                            71.069487,
                            27.777407
                        ],
                        [
                            71.086073,
                            27.785792
                        ],
                        [
                            71.139186,
                            27.807086
                        ],
                        [
                            71.173051,
                            27.820637
                        ],
                        [
                            71.183173,
                            27.823023
                        ],
                        [
                            71.208135,
                            27.832854
                        ],
                        [
                            71.229654,
                            27.837203
                        ],
                        [
                            71.242254,
                            27.841338
                        ],
                        [
                            71.254829,
                            27.845363
                        ],
                        [
                            71.272631,
                            27.850178
                        ],
                        [
                            71.325579,
                            27.859776
                        ],
                        [
                            71.341743,
                            27.86268
                        ],
                        [
                            71.381008,
                            27.869731
                        ],
                        [
                            71.409752,
                            27.873468
                        ],
                        [
                            71.412652,
                            27.87288
                        ],
                        [
                            71.418811,
                            27.871627
                        ],
                        [
                            71.447995,
                            27.873565
                        ],
                        [
                            71.499928,
                            27.872874
                        ],
                        [
                            71.523906,
                            27.87254
                        ],
                        [
                            71.53108,
                            27.872464
                        ],
                        [
                            71.549367,
                            27.873321
                        ],
                        [
                            71.586988,
                            27.877238
                        ],
                        [
                            71.604916,
                            27.875015
                        ],
                        [
                            71.621263,
                            27.875187
                        ],
                        [
                            71.644959,
                            27.875431
                        ],
                        [
                            71.65885,
                            27.875565
                        ],
                        [
                            71.664512,
                            27.879272
                        ],
                        [
                            71.681621,
                            27.883805
                        ],
                        [
                            71.698719,
                            27.889057
                        ],
                        [
                            71.720679,
                            27.897988
                        ],
                        [
                            71.744279,
                            27.906951
                        ],
                        [
                            71.760505,
                            27.913572
                        ],
                        [
                            71.76651,
                            27.916188
                        ],
                        [
                            71.827362,
                            27.936524
                        ],
                        [
                            71.859678,
                            27.94732
                        ],
                        [
                            71.894373,
                            27.960907
                        ],
                        [
                            71.897574,
                            27.96263
                        ],
                        [
                            71.898657,
                            27.963214
                        ],
                        [
                            71.902854,
                            27.974777
                        ],
                        [
                            71.904961,
                            27.989217
                        ],
                        [
                            71.906886,
                            28.003248
                        ],
                        [
                            71.910139,
                            28.019728
                        ],
                        [
                            71.913436,
                            28.031956
                        ],
                        [
                            71.914041,
                            28.040493
                        ],
                        [
                            71.91468,
                            28.044149
                        ],
                        [
                            71.913901,
                            28.053903
                        ],
                        [
                            71.919203,
                            28.071
                        ],
                        [
                            71.921838,
                            28.081383
                        ],
                        [
                            71.923733,
                            28.097244
                        ],
                        [
                            71.927011,
                            28.11129
                        ],
                        [
                            71.929664,
                            28.120464
                        ],
                        [
                            71.932333,
                            28.127789
                        ],
                        [
                            71.935039,
                            28.132694
                        ],
                        [
                            71.944498,
                            28.145559
                        ],
                        [
                            71.955359,
                            28.158458
                        ],
                        [
                            71.96798,
                            28.171016
                        ],
                        [
                            71.976839,
                            28.183954
                        ],
                        [
                            71.999083,
                            28.214113
                        ],
                        [
                            72.021305,
                            28.232255
                        ],
                        [
                            72.027578,
                            28.236716
                        ],
                        [
                            72.046563,
                            28.249006
                        ],
                        [
                            72.068626,
                            28.26631
                        ],
                        [
                            72.093259,
                            28.283894
                        ],
                        [
                            72.095015,
                            28.284942
                        ],
                        [
                            72.096246,
                            28.285665
                        ],
                        [
                            72.100627,
                            28.288236
                        ],
                        [
                            72.111107,
                            28.295246
                        ],
                        [
                            72.128713,
                            28.308798
                        ],
                        [
                            72.16489,
                            28.348763
                        ],
                        [
                            72.166276,
                            28.35084
                        ],
                        [
                            72.167065,
                            28.352174
                        ],
                        [
                            72.169274,
                            28.354631
                        ],
                        [
                            72.191043,
                            28.374215
                        ],
                        [
                            72.196835,
                            28.382564
                        ],
                        [
                            72.1974,
                            28.383299
                        ],
                        [
                            72.199208,
                            28.384918
                        ],
                        [
                            72.205206,
                            28.390358
                        ],
                        [
                            72.206516,
                            28.393547
                        ],
                        [
                            72.210033,
                            28.402114
                        ],
                        [
                            72.213285,
                            28.414601
                        ],
                        [
                            72.220392,
                            28.434306
                        ],
                        [
                            72.229513,
                            28.462167
                        ],
                        [
                            72.231836,
                            28.47022
                        ],
                        [
                            72.233103,
                            28.474499
                        ],
                        [
                            72.235614,
                            28.482156
                        ],
                        [
                            72.236122,
                            28.48389
                        ],
                        [
                            72.243598,
                            28.500306
                        ],
                        [
                            72.24406,
                            28.501317
                        ],
                        [
                            72.245408,
                            28.507644
                        ],
                        [
                            72.256786,
                            28.541113
                        ],
                        [
                            72.25794,
                            28.543393
                        ],
                        [
                            72.258778,
                            28.545726
                        ],
                        [
                            72.263949,
                            28.555467
                        ],
                        [
                            72.270179,
                            28.579909
                        ],
                        [
                            72.272508,
                            28.584634
                        ],
                        [
                            72.281475,
                            28.609298
                        ],
                        [
                            72.287077,
                            28.624782
                        ],
                        [
                            72.29071,
                            28.636284
                        ],
                        [
                            72.290205,
                            28.638093
                        ],
                        [
                            72.293751,
                            28.654996
                        ],
                        [
                            72.298942,
                            28.66616
                        ],
                        [
                            72.30073,
                            28.667986
                        ],
                        [
                            72.302116,
                            28.673432
                        ],
                        [
                            72.308567,
                            28.680012
                        ],
                        [
                            72.311617,
                            28.68635
                        ],
                        [
                            72.324842,
                            28.698844
                        ],
                        [
                            72.34833,
                            28.721014
                        ],
                        [
                            72.350383,
                            28.725434
                        ],
                        [
                            72.369877,
                            28.746779
                        ],
                        [
                            72.382489,
                            28.76062
                        ],
                        [
                            72.388864,
                            28.768799
                        ],
                        [
                            72.406963,
                            28.782692
                        ],
                        [
                            72.41384,
                            28.785641
                        ],
                        [
                            72.435245,
                            28.793291
                        ],
                        [
                            72.450933,
                            28.797825
                        ],
                        [
                            72.463607,
                            28.803851
                        ],
                        [
                            72.472538,
                            28.807132
                        ],
                        [
                            72.489259,
                            28.814967
                        ],
                        [
                            72.508347,
                            28.824783
                        ],
                        [
                            72.524413,
                            28.833047
                        ],
                        [
                            72.556245,
                            28.852502
                        ],
                        [
                            72.592675,
                            28.870252
                        ],
                        [
                            72.594882,
                            28.871585
                        ],
                        [
                            72.59629,
                            28.872284
                        ],
                        [
                            72.648454,
                            28.903189
                        ],
                        [
                            72.655591,
                            28.907409
                        ],
                        [
                            72.663388,
                            28.910943
                        ],
                        [
                            72.671583,
                            28.915932
                        ],
                        [
                            72.673375,
                            28.916827
                        ],
                        [
                            72.676783,
                            28.917782
                        ],
                        [
                            72.679538,
                            28.920295
                        ],
                        [
                            72.716398,
                            28.93891
                        ],
                        [
                            72.746622,
                            28.952093
                        ],
                        [
                            72.791125,
                            28.969029
                        ],
                        [
                            72.795016,
                            28.970512
                        ],
                        [
                            72.849455,
                            28.99121
                        ],
                        [
                            72.850882,
                            28.991802
                        ],
                        [
                            72.85143,
                            28.992037
                        ],
                        [
                            72.854268,
                            28.993376
                        ],
                        [
                            72.867481,
                            28.999669
                        ],
                        [
                            72.89329,
                            29.007054
                        ],
                        [
                            72.904569,
                            29.012712
                        ],
                        [
                            72.918418,
                            29.017671
                        ],
                        [
                            72.933846,
                            29.023175
                        ],
                        [
                            72.941194,
                            29.02617
                        ],
                        [
                            72.945113,
                            29.028449
                        ],
                        [
                            72.946354,
                            29.029486
                        ],
                        [
                            72.947407,
                            29.0304
                        ],
                        [
                            72.949455,
                            29.033115
                        ],
                        [
                            72.959378,
                            29.056362
                        ],
                        [
                            72.963857,
                            29.064291
                        ],
                        [
                            72.96643,
                            29.071301
                        ],
                        [
                            72.981626,
                            29.102352
                        ],
                        [
                            72.984689,
                            29.110241
                        ],
                        [
                            72.989305,
                            29.117059
                        ],
                        [
                            72.991029,
                            29.119516
                        ],
                        [
                            72.991624,
                            29.120808
                        ],
                        [
                            72.993949,
                            29.13082
                        ],
                        [
                            72.998806,
                            29.14269
                        ],
                        [
                            73.02181,
                            29.167444
                        ],
                        [
                            73.02646,
                            29.171276
                        ],
                        [
                            73.030305,
                            29.177113
                        ],
                        [
                            73.041733,
                            29.191083
                        ],
                        [
                            73.046333,
                            29.194636
                        ],
                        [
                            73.061438,
                            29.210172
                        ],
                        [
                            73.062637,
                            29.21154
                        ],
                        [
                            73.084822,
                            29.236374
                        ],
                        [
                            73.085829,
                            29.237816
                        ],
                        [
                            73.095676,
                            29.252061
                        ],
                        [
                            73.09871,
                            29.256737
                        ],
                        [
                            73.104905,
                            29.268705
                        ],
                        [
                            73.107998,
                            29.275479
                        ],
                        [
                            73.115957,
                            29.285677
                        ],
                        [
                            73.116446,
                            29.287606
                        ],
                        [
                            73.118749,
                            29.292269
                        ],
                        [
                            73.120453,
                            29.295071
                        ],
                        [
                            73.121242,
                            29.295618
                        ],
                        [
                            73.121784,
                            29.296495
                        ],
                        [
                            73.12179,
                            29.297614
                        ],
                        [
                            73.143676,
                            29.332218
                        ],
                        [
                            73.146244,
                            29.338327
                        ],
                        [
                            73.153578,
                            29.352788
                        ],
                        [
                            73.157746,
                            29.360138
                        ],
                        [
                            73.164144,
                            29.370696
                        ],
                        [
                            73.175828,
                            29.388853
                        ],
                        [
                            73.17665,
                            29.390415
                        ],
                        [
                            73.177879,
                            29.392296
                        ],
                        [
                            73.198238,
                            29.431411
                        ],
                        [
                            73.209356,
                            29.44472
                        ],
                        [
                            73.228745,
                            29.482231
                        ],
                        [
                            73.230285,
                            29.483144
                        ],
                        [
                            73.230923,
                            29.484803
                        ],
                        [
                            73.234644,
                            29.489411
                        ],
                        [
                            73.235307,
                            29.491136
                        ],
                        [
                            73.239582,
                            29.49579
                        ],
                        [
                            73.245289,
                            29.508894
                        ],
                        [
                            73.250176,
                            29.515252
                        ],
                        [
                            73.254828,
                            29.523625
                        ],
                        [
                            73.269438,
                            29.543954
                        ],
                        [
                            73.270728,
                            29.545906
                        ],
                        [
                            73.278671,
                            29.559697
                        ],
                        [
                            73.282265,
                            29.569405
                        ],
                        [
                            73.291371,
                            29.600423
                        ],
                        [
                            73.293452,
                            29.60738
                        ],
                        [
                            73.305171,
                            29.636295
                        ],
                        [
                            73.319723,
                            29.688977
                        ],
                        [
                            73.320277,
                            29.69037
                        ],
                        [
                            73.322486,
                            29.694206
                        ],
                        [
                            73.322943,
                            29.695746
                        ],
                        [
                            73.323783,
                            29.697239
                        ],
                        [
                            73.325055,
                            29.701709
                        ],
                        [
                            73.333268,
                            29.730493
                        ],
                        [
                            73.334504,
                            29.733844
                        ],
                        [
                            73.335538,
                            29.734964
                        ],
                        [
                            73.341537,
                            29.752455
                        ],
                        [
                            73.343606,
                            29.760353
                        ],
                        [
                            73.348238,
                            29.771619
                        ],
                        [
                            73.353658,
                            29.794826
                        ],
                        [
                            73.357582,
                            29.80795
                        ],
                        [
                            73.362352,
                            29.820393
                        ],
                        [
                            73.366789,
                            29.838934
                        ],
                        [
                            73.373956,
                            29.855639
                        ],
                        [
                            73.379655,
                            29.876804
                        ],
                        [
                            73.39372,
                            29.928837
                        ],
                        [
                            73.399711,
                            29.940689
                        ],
                        [
                            73.40762,
                            29.946206
                        ],
                        [
                            73.43034,
                            29.95582
                        ],
                        [
                            73.433371,
                            29.956873
                        ],
                        [
                            73.450721,
                            29.963389
                        ],
                        [
                            73.483657,
                            29.976994
                        ],
                        [
                            73.509087,
                            29.984122
                        ],
                        [
                            73.515104,
                            29.986795
                        ],
                        [
                            73.527271,
                            29.99222
                        ],
                        [
                            73.548519,
                            29.997795
                        ],
                        [
                            73.570481,
                            30.007989
                        ],
                        [
                            73.588316,
                            30.014032
                        ],
                        [
                            73.608266,
                            30.020798
                        ],
                        [
                            73.619981,
                            30.02463
                        ],
                        [
                            73.662282,
                            30.033304
                        ],
                        [
                            73.680794,
                            30.038987
                        ],
                        [
                            73.687356,
                            30.041001
                        ],
                        [
                            73.71813,
                            30.049081
                        ],
                        [
                            73.763037,
                            30.058373
                        ],
                        [
                            73.796337,
                            30.068147
                        ],
                        [
                            73.803212,
                            30.071391
                        ],
                        [
                            73.80961,
                            30.078114
                        ],
                        [
                            73.815483,
                            30.084213
                        ],
                        [
                            73.846968,
                            30.110356
                        ],
                        [
                            73.857702,
                            30.117718
                        ],
                        [
                            73.863613,
                            30.121879
                        ],
                        [
                            73.881925,
                            30.133893
                        ],
                        [
                            73.892869,
                            30.140399
                        ],
                        [
                            73.904907,
                            30.150942
                        ],
                        [
                            73.913342,
                            30.156515
                        ],
                        [
                            73.932968,
                            30.169382
                        ],
                        [
                            73.972585,
                            30.198213
                        ]
                    ]
                ],
                "type": "Polygon"
            }
        }
    ]
}